๏ฟฝ๏ฟฝ๏ฟฝ๏ฟฝp๏ฟฝs๏ฟฝ๏ฟฝ,๏ฟฝ๏ฟฝ๏ฟฝu๏ฟฝN๏ฟฝ๏ฟฝ,๏ฟฝm๏ฟฝW,ยพ๏ฟฝ๏ฟฝ,๏ฟฝB๏ฟฝ๏ฟฝ,๏ฟฝ๏ฟฝ๏ฟฝ
1,600600,่ฒด่ณ“,,,
2,600601,่ฒด่ณ“,,,
3,600602,่ฒด่ณ“,,,
4,600603,่ฒด่ณ“,,,
5,600604,่ฒด่ณ“,,,
6,600605,่ฒด่ณ“,,,
7,600606,่ฒด่ณ“,,,
8,600607,่ฒด่ณ“,,,
9,600608,่ฒด่ณ“,,,
10,600609,่ฒด่ณ“,,,
11,600610,่ฒด่ณ“,,,
12,600611,่ฒด่ณ“,,,
13,600612,่ฒด่ณ“,,,
14,600613,่ฒด่ณ“,,,
15,600614,่ฒด่ณ“,,,
16,600615,่ฒด่ณ“,,,
17,600616,่ฒด่ณ“,,,
18,600617,่ฒด่ณ“,,,
19,600618,่ฒด่ณ“,,,
20,600619,่ฒด่ณ“,,,
21,600620,่ฒด่ณ“,,,
22,600621,่ฒด่ณ“,,,
23,600622,่ฒด่ณ“,,,
24,600623,่ฒด่ณ“,,,
25,600624,่ฒด่ณ“,,,
26,600625,่ฒด่ณ“,,,
27,600626,่ฒด่ณ“,,,
28,600627,่ฒด่ณ“,,,
29,600628,่ฒด่ณ“,,,
30,600629,่ฒด่ณ“,,,
31,600630,่ฒด่ณ“,,,
32,600631,่ฒด่ณ“,,,
33,600632,่ฒด่ณ“,,,
34,600633,่ฒด่ณ“,,,
35,600634,่ฒด่ณ“,,,
36,600635,่ฒด่ณ“,,,
37,600636,่ฒด่ณ“,,,
38,600637,่ฒด่ณ“,,,
39,600638,่ฒด่ณ“,,,
40,600639,่ฒด่ณ“,,,
41,600640,่ฒด่ณ“,,,
42,600641,่ฒด่ณ“,,,
43,600642,่ฒด่ณ“,,,
44,600643,่ฒด่ณ“,,,
45,600644,่ฒด่ณ“,,,
46,600645,่ฒด่ณ“,,,
47,600646,่ฒด่ณ“,,,
48,600647,่ฒด่ณ“,,,
49,600648,่ฒด่ณ“,,,
50,600649,่ฒด่ณ“,,,
51,600650,่ฒด่ณ“,,,
52,600651,่ฒด่ณ“,,,
53,600652,่ฒด่ณ“,,,
54,600653,่ฒด่ณ“,,,
55,600654,่ฒด่ณ“,,,
56,600655,่ฒด่ณ“,,,
57,600656,่ฒด่ณ“,,,
58,600657,่ฒด่ณ“,,,
59,600658,่ฒด่ณ“,,,
60,600659,่ฒด่ณ“,,,
61,600660,่ฒด่ณ“,,,
62,600661,่ฒด่ณ“,,,
63,600662,่ฒด่ณ“,,,
64,600663,่ฒด่ณ“,,,
65,600664,่ฒด่ณ“,,,
66,600665,่ฒด่ณ“,,,
67,600666,่ฒด่ณ“,,,
68,600667,่ฒด่ณ“,,,
69,600668,่ฒด่ณ“,,,
70,600669,่ฒด่ณ“,,,
71,600670,่ฒด่ณ“,,,
72,600671,่ฒด่ณ“,,,
73,600672,่ฒด่ณ“,,,
74,600673,่ฒด่ณ“,,,
75,600674,่ฒด่ณ“,,,
76,600675,่ฒด่ณ“,,,
77,600676,่ฒด่ณ“,,,
78,600677,่ฒด่ณ“,,,
79,600678,่ฒด่ณ“,,,
80,600679,่ฒด่ณ“,,,
81,600680,่ฒด่ณ“,,,
82,600681,่ฒด่ณ“,,,
83,600682,่ฒด่ณ“,,,
84,600683,่ฒด่ณ“,,,
85,600684,่ฒด่ณ“,,,
86,600685,่ฒด่ณ“,,,
87,600686,่ฒด่ณ“,,,
88,600687,่ฒด่ณ“,,,
89,600688,่ฒด่ณ“,,,
90,600689,่ฒด่ณ“,,,
91,600690,่ฒด่ณ“,,,
92,600691,่ฒด่ณ“,,,
93,600692,่ฒด่ณ“,,,
94,600693,่ฒด่ณ“,,,
95,600694,่ฒด่ณ“,,,
96,600695,่ฒด่ณ“,,,
97,600696,่ฒด่ณ“,,,
98,600697,่ฒด่ณ“,,,
99,600698,่ฒด่ณ“,,,
100,600699,่ฒด่ณ“,,,
101,600700,่ฒด่ณ“,,,
102,600701,่ฒด่ณ“,,,
103,600702,่ฒด่ณ“,,,
104,600703,่ฒด่ณ“,,,
105,600704,่ฒด่ณ“,,,
106,600705,่ฒด่ณ“,,,
107,600706,่ฒด่ณ“,,,
108,600707,่ฒด่ณ“,,,
109,600708,่ฒด่ณ“,,,
110,600709,่ฒด่ณ“,,,
111,600710,่ฒด่ณ“,,,
112,600711,่ฒด่ณ“,,,
113,600712,่ฒด่ณ“,,,
114,600713,่ฒด่ณ“,,,
115,600714,่ฒด่ณ“,,,
116,600715,่ฒด่ณ“,,,
117,600716,่ฒด่ณ“,,,
118,600717,่ฒด่ณ“,,,
119,600718,่ฒด่ณ“,,,
120,600719,่ฒด่ณ“,,,
121,600720,่ฒด่ณ“,,,
122,600721,่ฒด่ณ“,,,
123,600722,่ฒด่ณ“,,,
124,600723,่ฒด่ณ“,,,
125,600724,่ฒด่ณ“,,,
126,600725,่ฒด่ณ“,,,
127,600726,่ฒด่ณ“,,,
128,600727,่ฒด่ณ“,,,
129,600728,่ฒด่ณ“,,,
130,600729,่ฒด่ณ“,,,
131,600730,่ฒด่ณ“,,,
132,600731,่ฒด่ณ“,,,
133,600732,่ฒด่ณ“,,,
134,600733,่ฒด่ณ“,,,
135,600734,่ฒด่ณ“,,,
136,600735,่ฒด่ณ“,,,
137,600736,่ฒด่ณ“,,,
138,600737,่ฒด่ณ“,,,
139,600738,่ฒด่ณ“,,,
140,600739,่ฒด่ณ“,,,
141,600740,่ฒด่ณ“,,,
142,600741,่ฒด่ณ“,,,
143,600742,่ฒด่ณ“,,,
144,600743,่ฒด่ณ“,,,
145,600744,่ฒด่ณ“,,,
146,600745,่ฒด่ณ“,,,
147,600746,่ฒด่ณ“,,,
148,600747,่ฒด่ณ“,,,
149,600748,่ฒด่ณ“,,,
150,600749,่ฒด่ณ“,,,
151,600750,่ฒด่ณ“,,,
152,600751,่ฒด่ณ“,,,
153,600752,่ฒด่ณ“,,,
154,600753,่ฒด่ณ“,,,
155,600754,่ฒด่ณ“,,,
156,600755,่ฒด่ณ“,,,
157,600756,่ฒด่ณ“,,,
158,600757,่ฒด่ณ“,,,
159,600758,่ฒด่ณ“,,,
160,600759,่ฒด่ณ“,,,
161,600760,่ฒด่ณ“,,,
162,600761,่ฒด่ณ“,,,
163,600762,่ฒด่ณ“,,,
164,600763,่ฒด่ณ“,,,
165,600764,่ฒด่ณ“,,,
166,600765,่ฒด่ณ“,,,
167,600766,่ฒด่ณ“,,,
168,600767,่ฒด่ณ“,,,
169,600768,่ฒด่ณ“,,,
170,600769,่ฒด่ณ“,,,
171,600770,่ฒด่ณ“,,,
172,600771,่ฒด่ณ“,,,
173,600772,่ฒด่ณ“,,,
174,600773,่ฒด่ณ“,,,
175,600774,่ฒด่ณ“,,,
176,600775,่ฒด่ณ“,,,
177,600776,่ฒด่ณ“,,,
178,600777,่ฒด่ณ“,,,
179,600778,่ฒด่ณ“,,,
180,600779,่ฒด่ณ“,,,
181,600780,่ฒด่ณ“,,,
182,600781,่ฒด่ณ“,,,
183,600782,่ฒด่ณ“,,,
184,600783,่ฒด่ณ“,,,
185,600784,่ฒด่ณ“,,,
186,600785,่ฒด่ณ“,,,
187,600786,่ฒด่ณ“,,,
188,600787,่ฒด่ณ“,,,
189,600788,่ฒด่ณ“,,,
190,600789,่ฒด่ณ“,,,
191,600790,่ฒด่ณ“,,,
192,600791,่ฒด่ณ“,,,
193,600792,่ฒด่ณ“,,,
194,600793,่ฒด่ณ“,,,
195,600794,่ฒด่ณ“,,,
196,600795,่ฒด่ณ“,,,
197,600796,่ฒด่ณ“,,,
198,600797,่ฒด่ณ“,,,
199,600798,่ฒด่ณ“,,,
200,600799,่ฒด่ณ“,,,
201,600800,่ฒด่ณ“,,,
202,600801,่ฒด่ณ“,,,
203,600802,่ฒด่ณ“,,,
204,600803,่ฒด่ณ“,,,
205,600804,่ฒด่ณ“,,,
206,600805,่ฒด่ณ“,,,
207,600806,่ฒด่ณ“,,,
208,600807,่ฒด่ณ“,,,
209,600808,่ฒด่ณ“,,,
210,600809,่ฒด่ณ“,,,
211,600810,่ฒด่ณ“,,,
212,600811,่ฒด่ณ“,,,
213,600812,่ฒด่ณ“,,,
214,600813,่ฒด่ณ“,,,
215,600814,่ฒด่ณ“,,,
216,600815,่ฒด่ณ“,,,
217,600816,่ฒด่ณ“,,,
218,600817,่ฒด่ณ“,,,
219,600818,่ฒด่ณ“,,,
220,600819,่ฒด่ณ“,,,
221,600820,่ฒด่ณ“,,,
222,600821,่ฒด่ณ“,,,
223,600822,่ฒด่ณ“,,,
224,600823,่ฒด่ณ“,,,
225,600824,่ฒด่ณ“,,,
226,600825,่ฒด่ณ“,,,
227,600826,่ฒด่ณ“,,,
228,600827,่ฒด่ณ“,,,
229,600828,่ฒด่ณ“,,,
230,600829,่ฒด่ณ“,,,
231,600830,่ฒด่ณ“,,,
232,600831,่ฒด่ณ“,,,
233,600832,่ฒด่ณ“,,,
234,600833,่ฒด่ณ“,,,
235,600834,่ฒด่ณ“,,,
236,600835,่ฒด่ณ“,,,
237,600836,่ฒด่ณ“,,,
238,600837,่ฒด่ณ“,,,
239,600838,่ฒด่ณ“,,,
240,600839,่ฒด่ณ“,,,
241,600840,่ฒด่ณ“,,,
242,600841,่ฒด่ณ“,,,
243,600842,่ฒด่ณ“,,,
244,600843,่ฒด่ณ“,,,
245,600844,่ฒด่ณ“,,,
246,600845,่ฒด่ณ“,,,
247,600846,่ฒด่ณ“,,,
248,600847,่ฒด่ณ“,,,
249,600848,่ฒด่ณ“,,,
250,600849,่ฒด่ณ“,,,
251,600850,่ฒด่ณ“,,,
252,600851,่ฒด่ณ“,,,
253,600852,่ฒด่ณ“,,,
254,600853,่ฒด่ณ“,,,
255,600854,่ฒด่ณ“,,,
256,600855,่ฒด่ณ“,,,
257,600856,่ฒด่ณ“,,,
258,600857,่ฒด่ณ“,,,
259,600858,่ฒด่ณ“,,,
260,600859,่ฒด่ณ“,,,
261,600860,่ฒด่ณ“,,,
262,600861,่ฒด่ณ“,,,
263,600862,่ฒด่ณ“,,,
264,600863,่ฒด่ณ“,,,
265,600864,่ฒด่ณ“,,,
266,600865,่ฒด่ณ“,,,
267,600866,่ฒด่ณ“,,,
268,600867,่ฒด่ณ“,,,
269,600868,่ฒด่ณ“,,,
270,600869,่ฒด่ณ“,,,
271,600870,่ฒด่ณ“,,,
272,600871,่ฒด่ณ“,,,
273,600872,่ฒด่ณ“,,,
274,600873,่ฒด่ณ“,,,
275,600874,่ฒด่ณ“,,,
276,600875,่ฒด่ณ“,,,
277,600876,่ฒด่ณ“,,,
278,600877,่ฒด่ณ“,,,
279,600878,่ฒด่ณ“,,,
280,600879,่ฒด่ณ“,,,
281,600880,่ฒด่ณ“,,,
282,600881,่ฒด่ณ“,,,
283,600882,่ฒด่ณ“,,,
284,600883,่ฒด่ณ“,,,
285,600884,่ฒด่ณ“,,,
286,600885,่ฒด่ณ“,,,
287,600886,่ฒด่ณ“,,,
288,600887,่ฒด่ณ“,,,
289,600888,่ฒด่ณ“,,,
290,600889,่ฒด่ณ“,,,
291,600890,่ฒด่ณ“,,,
292,600891,่ฒด่ณ“,,,
293,600892,่ฒด่ณ“,,,
294,600893,่ฒด่ณ“,,,
295,600894,่ฒด่ณ“,,,
296,600895,่ฒด่ณ“,,,
297,600896,่ฒด่ณ“,,,
298,600897,่ฒด่ณ“,,,
299,600898,่ฒด่ณ“,,,
300,600899,่ฒด่ณ“,,,
301,600900,่ฒด่ณ“,,,
302,600901,่ฒด่ณ“,,,
303,600902,่ฒด่ณ“,,,
304,600903,่ฒด่ณ“,,,
305,600904,่ฒด่ณ“,,,
306,600905,่ฒด่ณ“,,,
307,600906,่ฒด่ณ“,,,
308,600907,่ฒด่ณ“,,,
309,600908,่ฒด่ณ“,,,
310,600909,่ฒด่ณ“,,,
311,600910,่ฒด่ณ“,,,
312,600911,่ฒด่ณ“,,,
313,600912,่ฒด่ณ“,,,
314,600913,่ฒด่ณ“,,,
315,600914,่ฒด่ณ“,,,
316,600915,่ฒด่ณ“,,,
317,600916,่ฒด่ณ“,,,
318,600917,่ฒด่ณ“,,,
319,600918,่ฒด่ณ“,,,
320,600919,่ฒด่ณ“,,,
321,600920,่ฒด่ณ“,,,
322,600921,่ฒด่ณ“,,,
323,600922,่ฒด่ณ“,,,
324,600923,่ฒด่ณ“,,,
325,600924,่ฒด่ณ“,,,
326,600925,่ฒด่ณ“,,,
327,600926,่ฒด่ณ“,,,
328,600927,่ฒด่ณ“,,,
329,600928,่ฒด่ณ“,,,
330,600929,่ฒด่ณ“,,,
331,600930,่ฒด่ณ“,,,
332,600931,่ฒด่ณ“,,,
333,600932,่ฒด่ณ“,,,
334,600933,่ฒด่ณ“,,,
335,600934,่ฒด่ณ“,,,
336,600935,่ฒด่ณ“,,,
337,600936,่ฒด่ณ“,,,
338,600937,่ฒด่ณ“,,,
339,600938,่ฒด่ณ“,,,
340,600939,่ฒด่ณ“,,,
341,600940,่ฒด่ณ“,,,
342,600941,่ฒด่ณ“,,,
343,600942,่ฒด่ณ“,,,
344,600943,่ฒด่ณ“,,,
345,600944,่ฒด่ณ“,,,
346,600945,่ฒด่ณ“,,,
347,600946,่ฒด่ณ“,,,
348,600947,่ฒด่ณ“,,,
349,600948,่ฒด่ณ“,,,
350,600949,่ฒด่ณ“,,,
351,600950,่ฒด่ณ“,,,
352,600951,่ฒด่ณ“,,,
353,600952,่ฒด่ณ“,,,
354,600953,่ฒด่ณ“,,,
355,600954,่ฒด่ณ“,,,
356,600955,่ฒด่ณ“,,,
357,600956,่ฒด่ณ“,,,
358,600957,่ฒด่ณ“,,,
359,600958,่ฒด่ณ“,,,
360,600959,่ฒด่ณ“,,,
361,600960,่ฒด่ณ“,,,
362,600961,่ฒด่ณ“,,,
363,600962,่ฒด่ณ“,,,
364,600963,่ฒด่ณ“,,,
365,600964,่ฒด่ณ“,,,
366,600965,่ฒด่ณ“,,,
367,600966,่ฒด่ณ“,,,
368,600967,่ฒด่ณ“,,,
369,600968,่ฒด่ณ“,,,
370,600969,่ฒด่ณ“,,,
371,600970,่ฒด่ณ“,,,
372,600971,่ฒด่ณ“,,,
373,600972,่ฒด่ณ“,,,
374,600973,่ฒด่ณ“,,,
375,600974,่ฒด่ณ“,,,
376,600975,่ฒด่ณ“,,,
377,600976,่ฒด่ณ“,,,
378,600977,่ฒด่ณ“,,,
379,600978,่ฒด่ณ“,,,
380,600979,่ฒด่ณ“,,,
381,600980,่ฒด่ณ“,,,
382,600981,่ฒด่ณ“,,,
383,600982,่ฒด่ณ“,,,
384,600983,่ฒด่ณ“,,,
385,600984,่ฒด่ณ“,,,
386,600985,่ฒด่ณ“,,,
387,600986,่ฒด่ณ“,,,
388,600987,่ฒด่ณ“,,,
389,600988,่ฒด่ณ“,,,
390,600989,่ฒด่ณ“,,,
391,600990,่ฒด่ณ“,,,
392,600991,่ฒด่ณ“,,,
393,600992,่ฒด่ณ“,,,
394,600993,่ฒด่ณ“,,,
395,600994,่ฒด่ณ“,,,
396,600995,่ฒด่ณ“,,,
397,600996,่ฒด่ณ“,,,
398,600997,่ฒด่ณ“,,,
399,600998,่ฒด่ณ“,,,
400,600999,่ฒด่ณ“,,,
401,601000,่ฒด่ณ“,,,
402,601001,่ฒด่ณ“,,,
403,601002,่ฒด่ณ“,,,
404,601003,่ฒด่ณ“,,,
405,601004,่ฒด่ณ“,,,
406,601005,่ฒด่ณ“,,,
407,601006,่ฒด่ณ“,,,
408,601007,่ฒด่ณ“,,,
409,601008,่ฒด่ณ“,,,
410,601009,่ฒด่ณ“,,,
411,601010,่ฒด่ณ“,,,
412,601011,่ฒด่ณ“,,,
413,601012,่ฒด่ณ“,,,
414,601013,่ฒด่ณ“,,,
415,601014,่ฒด่ณ“,,,
416,601015,่ฒด่ณ“,,,
417,601016,่ฒด่ณ“,,,
418,601017,่ฒด่ณ“,,,
419,601018,่ฒด่ณ“,,,
420,601019,่ฒด่ณ“,,,
421,601020,่ฒด่ณ“,,,
422,601021,่ฒด่ณ“,,,
423,601022,่ฒด่ณ“,,,
424,601023,่ฒด่ณ“,,,
425,601024,่ฒด่ณ“,,,
426,601025,่ฒด่ณ“,,,
427,601026,่ฒด่ณ“,,,
428,601027,่ฒด่ณ“,,,
429,601028,่ฒด่ณ“,,,
430,601029,่ฒด่ณ“,,,
431,601030,่ฒด่ณ“,,,
432,601031,่ฒด่ณ“,,,
433,601032,่ฒด่ณ“,,,
434,601033,่ฒด่ณ“,,,
435,601034,่ฒด่ณ“,,,
436,601035,่ฒด่ณ“,,,
437,601036,่ฒด่ณ“,,,
438,601037,่ฒด่ณ“,,,
439,601038,่ฒด่ณ“,,,
440,601039,่ฒด่ณ“,,,
441,601040,่ฒด่ณ“,,,
442,601041,่ฒด่ณ“,,,
443,601042,่ฒด่ณ“,,,
444,601043,่ฒด่ณ“,,,
445,601044,่ฒด่ณ“,,,
446,601045,่ฒด่ณ“,,,
447,601046,่ฒด่ณ“,,,
448,601047,่ฒด่ณ“,,,
449,601048,่ฒด่ณ“,,,
450,601049,่ฒด่ณ“,,,
451,601050,่ฒด่ณ“,,,
452,601051,่ฒด่ณ“,,,
453,601052,่ฒด่ณ“,,,
454,601053,่ฒด่ณ“,,,
455,601054,่ฒด่ณ“,,,
456,601055,่ฒด่ณ“,,,
457,601056,่ฒด่ณ“,,,
458,601057,่ฒด่ณ“,,,
459,601058,่ฒด่ณ“,,,
460,601059,่ฒด่ณ“,,,
461,601060,่ฒด่ณ“,,,
462,601061,่ฒด่ณ“,,,
463,601062,่ฒด่ณ“,,,
464,601063,่ฒด่ณ“,,,
465,601064,่ฒด่ณ“,,,
466,601065,่ฒด่ณ“,,,
467,601066,่ฒด่ณ“,,,
468,601067,่ฒด่ณ“,,,
469,601068,่ฒด่ณ“,,,
470,601069,่ฒด่ณ“,,,
471,601070,่ฒด่ณ“,,,
472,601071,่ฒด่ณ“,,,
473,601072,่ฒด่ณ“,,,
474,601073,่ฒด่ณ“,,,
475,601074,่ฒด่ณ“,,,
476,601075,่ฒด่ณ“,,,
477,601076,่ฒด่ณ“,,,
478,601077,่ฒด่ณ“,,,
479,601078,่ฒด่ณ“,,,
480,601079,่ฒด่ณ“,,,
481,601080,่ฒด่ณ“,,,
482,601081,่ฒด่ณ“,,,
483,601082,่ฒด่ณ“,,,
484,601083,่ฒด่ณ“,,,
485,601084,่ฒด่ณ“,,,
486,601085,่ฒด่ณ“,,,
487,601086,่ฒด่ณ“,,,
488,601087,่ฒด่ณ“,,,
489,601088,่ฒด่ณ“,,,
490,601089,่ฒด่ณ“,,,
491,601090,่ฒด่ณ“,,,
492,601091,่ฒด่ณ“,,,
493,601092,่ฒด่ณ“,,,
494,601093,่ฒด่ณ“,,,
495,601094,่ฒด่ณ“,,,
496,601095,่ฒด่ณ“,,,
497,601096,่ฒด่ณ“,,,
498,601097,่ฒด่ณ“,,,
499,601098,่ฒด่ณ“,,,
500,601099,่ฒด่ณ“,,,
501,601100,่ฒด่ณ“,,,
502,601101,่ฒด่ณ“,,,
503,601102,่ฒด่ณ“,,,
504,601103,่ฒด่ณ“,,,
505,601104,่ฒด่ณ“,,,
506,601105,่ฒด่ณ“,,,
507,601106,่ฒด่ณ“,,,
508,601107,่ฒด่ณ“,,,
509,601108,่ฒด่ณ“,,,
510,601109,่ฒด่ณ“,,,
511,601110,่ฒด่ณ“,,,
512,601111,่ฒด่ณ“,,,
513,601112,่ฒด่ณ“,,,
514,601113,่ฒด่ณ“,,,
515,601114,่ฒด่ณ“,,,
516,601115,่ฒด่ณ“,,,
517,601116,่ฒด่ณ“,,,
518,601117,่ฒด่ณ“,,,
519,601118,่ฒด่ณ“,,,
520,601119,่ฒด่ณ“,,,
521,601120,่ฒด่ณ“,,,
522,601121,่ฒด่ณ“,,,
523,601122,่ฒด่ณ“,,,
524,601123,่ฒด่ณ“,,,
525,601124,่ฒด่ณ“,,,
526,601125,่ฒด่ณ“,,,
527,601126,่ฒด่ณ“,,,
528,601127,่ฒด่ณ“,,,
529,601128,่ฒด่ณ“,,,
530,601129,่ฒด่ณ“,,,
531,601130,่ฒด่ณ“,,,
532,601131,่ฒด่ณ“,,,
533,601132,่ฒด่ณ“,,,
534,601133,่ฒด่ณ“,,,
535,601134,่ฒด่ณ“,,,
536,601135,่ฒด่ณ“,,,
537,601136,่ฒด่ณ“,,,
538,601137,่ฒด่ณ“,,,
539,601138,่ฒด่ณ“,,,
540,601139,่ฒด่ณ“,,,
541,601140,่ฒด่ณ“,,,
542,601141,่ฒด่ณ“,,,
543,601142,่ฒด่ณ“,,,
544,601143,่ฒด่ณ“,,,
545,601144,่ฒด่ณ“,,,
546,601145,่ฒด่ณ“,,,
547,601146,่ฒด่ณ“,,,
548,601147,่ฒด่ณ“,,,
549,601148,่ฒด่ณ“,,,
550,601149,่ฒด่ณ“,,,
551,601150,่ฒด่ณ“,,,
552,601151,่ฒด่ณ“,,,
553,601152,่ฒด่ณ“,,,
554,601153,่ฒด่ณ“,,,
555,601154,่ฒด่ณ“,,,
556,601155,่ฒด่ณ“,,,
557,601156,่ฒด่ณ“,,,
558,601157,่ฒด่ณ“,,,
559,601158,่ฒด่ณ“,,,
560,601159,่ฒด่ณ“,,,
561,601160,่ฒด่ณ“,,,
562,601161,่ฒด่ณ“,,,
563,601162,่ฒด่ณ“,,,
564,601163,่ฒด่ณ“,,,
565,601164,่ฒด่ณ“,,,
566,601165,่ฒด่ณ“,,,
567,601166,่ฒด่ณ“,,,
568,601167,่ฒด่ณ“,,,
569,601168,่ฒด่ณ“,,,
570,601169,่ฒด่ณ“,,,
571,601170,่ฒด่ณ“,,,
572,601171,่ฒด่ณ“,,,
573,601172,่ฒด่ณ“,,,
574,601173,่ฒด่ณ“,,,
575,601174,่ฒด่ณ“,,,
576,601175,่ฒด่ณ“,,,
577,601176,่ฒด่ณ“,,,
578,601177,่ฒด่ณ“,,,
579,601178,่ฒด่ณ“,,,
580,601179,่ฒด่ณ“,,,
581,601180,่ฒด่ณ“,,,
582,601181,่ฒด่ณ“,,,
583,601182,่ฒด่ณ“,,,
584,601183,่ฒด่ณ“,,,
585,601184,่ฒด่ณ“,,,
586,601185,่ฒด่ณ“,,,
587,601186,่ฒด่ณ“,,,
588,601187,่ฒด่ณ“,,,
589,601188,่ฒด่ณ“,,,
590,601189,่ฒด่ณ“,,,
591,601190,่ฒด่ณ“,,,
592,601191,่ฒด่ณ“,,,
593,601192,่ฒด่ณ“,,,
594,601193,่ฒด่ณ“,,,
595,601194,่ฒด่ณ“,,,
596,601195,่ฒด่ณ“,,,
597,601196,่ฒด่ณ“,,,
598,601197,่ฒด่ณ“,,,
599,601198,่ฒด่ณ“,,,
600,601199,่ฒด่ณ“,,,
601,601200,่ฒด่ณ“,,,
602,601201,่ฒด่ณ“,,,
603,601202,่ฒด่ณ“,,,
604,601203,่ฒด่ณ“,,,
605,601204,่ฒด่ณ“,,,
606,601205,่ฒด่ณ“,,,
607,601206,่ฒด่ณ“,,,
608,601207,่ฒด่ณ“,,,
609,601208,่ฒด่ณ“,,,
610,601209,่ฒด่ณ“,,,
611,601210,่ฒด่ณ“,,,
612,601211,่ฒด่ณ“,,,
613,601212,่ฒด่ณ“,,,
614,601213,่ฒด่ณ“,,,
615,601214,่ฒด่ณ“,,,
616,601215,่ฒด่ณ“,,,
617,601216,่ฒด่ณ“,,,
618,601217,่ฒด่ณ“,,,
619,601218,่ฒด่ณ“,,,
620,601219,่ฒด่ณ“,,,
621,601220,่ฒด่ณ“,,,
622,601221,่ฒด่ณ“,,,
623,601222,่ฒด่ณ“,,,
624,601223,่ฒด่ณ“,,,
625,601224,่ฒด่ณ“,,,
626,601225,่ฒด่ณ“,,,
627,601226,่ฒด่ณ“,,,
628,601227,่ฒด่ณ“,,,
629,601228,่ฒด่ณ“,,,
630,601229,่ฒด่ณ“,,,
631,601230,่ฒด่ณ“,,,
632,601231,่ฒด่ณ“,,,
633,601232,่ฒด่ณ“,,,
634,601233,่ฒด่ณ“,,,
635,601234,่ฒด่ณ“,,,
636,601235,่ฒด่ณ“,,,
637,601236,่ฒด่ณ“,,,
638,601237,่ฒด่ณ“,,,
639,601238,่ฒด่ณ“,,,
640,601239,่ฒด่ณ“,,,
641,601240,่ฒด่ณ“,,,
642,601241,่ฒด่ณ“,,,
643,601242,่ฒด่ณ“,,,
644,601243,่ฒด่ณ“,,,
645,601244,่ฒด่ณ“,,,
646,601245,่ฒด่ณ“,,,
647,601246,่ฒด่ณ“,,,
648,601247,่ฒด่ณ“,,,
649,601248,่ฒด่ณ“,,,
650,601249,่ฒด่ณ“,,,
651,601250,่ฒด่ณ“,,,
652,601251,่ฒด่ณ“,,,
653,601252,่ฒด่ณ“,,,
654,601253,่ฒด่ณ“,,,
655,601254,่ฒด่ณ“,,,
656,601255,่ฒด่ณ“,,,
657,601256,่ฒด่ณ“,,,
658,601257,่ฒด่ณ“,,,
659,601258,่ฒด่ณ“,,,
660,601259,่ฒด่ณ“,,,
661,601260,่ฒด่ณ“,,,
662,601261,่ฒด่ณ“,,,
663,601262,่ฒด่ณ“,,,
664,601263,่ฒด่ณ“,,,
665,601264,่ฒด่ณ“,,,
666,601265,่ฒด่ณ“,,,
667,601266,่ฒด่ณ“,,,
668,601267,่ฒด่ณ“,,,
669,601268,่ฒด่ณ“,,,
670,601269,่ฒด่ณ“,,,
671,601270,่ฒด่ณ“,,,
672,601271,่ฒด่ณ“,,,
673,601272,่ฒด่ณ“,,,
674,601273,่ฒด่ณ“,,,
675,601274,่ฒด่ณ“,,,
676,601275,่ฒด่ณ“,,,
677,601276,่ฒด่ณ“,,,
678,601277,่ฒด่ณ“,,,
679,601278,่ฒด่ณ“,,,
680,601279,่ฒด่ณ“,,,
681,601280,่ฒด่ณ“,,,
682,601281,่ฒด่ณ“,,,
683,601282,่ฒด่ณ“,,,
684,601283,่ฒด่ณ“,,,
685,601284,่ฒด่ณ“,,,
686,601285,่ฒด่ณ“,,,
687,601286,่ฒด่ณ“,,,
688,601287,่ฒด่ณ“,,,
689,601288,่ฒด่ณ“,,,
690,601289,่ฒด่ณ“,,,
691,601290,่ฒด่ณ“,,,
692,601291,่ฒด่ณ“,,,
693,601292,่ฒด่ณ“,,,
694,601293,่ฒด่ณ“,,,
695,601294,่ฒด่ณ“,,,
696,601295,่ฒด่ณ“,,,
697,601296,่ฒด่ณ“,,,
698,601297,่ฒด่ณ“,,,
699,601298,่ฒด่ณ“,,,
700,601299,่ฒด่ณ“,,,
701,601300,่ฒด่ณ“,,,
702,601301,่ฒด่ณ“,,,
703,601302,่ฒด่ณ“,,,
704,601303,่ฒด่ณ“,,,
705,601304,่ฒด่ณ“,,,
706,601305,่ฒด่ณ“,,,
707,601306,่ฒด่ณ“,,,
708,601307,่ฒด่ณ“,,,
709,601308,่ฒด่ณ“,,,
710,601309,่ฒด่ณ“,,,
711,601310,่ฒด่ณ“,,,
712,601311,่ฒด่ณ“,,,
713,601312,่ฒด่ณ“,,,
714,601313,่ฒด่ณ“,,,
715,601314,่ฒด่ณ“,,,
716,601315,่ฒด่ณ“,,,
717,601316,่ฒด่ณ“,,,
718,601317,่ฒด่ณ“,,,
719,601318,่ฒด่ณ“,,,
720,601319,่ฒด่ณ“,,,
721,601320,่ฒด่ณ“,,,
722,601321,่ฒด่ณ“,,,
723,601322,่ฒด่ณ“,,,
724,601323,่ฒด่ณ“,,,
725,601324,่ฒด่ณ“,,,
726,601325,่ฒด่ณ“,,,
727,601326,่ฒด่ณ“,,,
728,601327,่ฒด่ณ“,,,
729,601328,่ฒด่ณ“,,,
730,601329,่ฒด่ณ“,,,
731,601330,่ฒด่ณ“,,,
732,601331,่ฒด่ณ“,,,
733,601332,่ฒด่ณ“,,,
734,601333,่ฒด่ณ“,,,
735,601334,่ฒด่ณ“,,,
736,601335,่ฒด่ณ“,,,
737,601336,่ฒด่ณ“,,,
738,601337,่ฒด่ณ“,,,
739,601338,่ฒด่ณ“,,,
740,601339,่ฒด่ณ“,,,
741,601340,่ฒด่ณ“,,,
742,601341,่ฒด่ณ“,,,
743,601342,่ฒด่ณ“,,,
744,601343,่ฒด่ณ“,,,
745,601344,่ฒด่ณ“,,,
746,601345,่ฒด่ณ“,,,
747,601346,่ฒด่ณ“,,,
748,601347,่ฒด่ณ“,,,
749,601348,่ฒด่ณ“,,,
750,601349,่ฒด่ณ“,,,
751,601350,่ฒด่ณ“,,,
752,601351,่ฒด่ณ“,,,
753,601352,่ฒด่ณ“,,,
754,601353,่ฒด่ณ“,,,
755,601354,่ฒด่ณ“,,,
756,601355,่ฒด่ณ“,,,
757,601356,่ฒด่ณ“,,,
758,601357,่ฒด่ณ“,,,
759,601358,่ฒด่ณ“,,,
760,601359,่ฒด่ณ“,,,
761,601360,่ฒด่ณ“,,,
762,601361,่ฒด่ณ“,,,
763,601362,่ฒด่ณ“,,,
764,601363,่ฒด่ณ“,,,
765,601364,่ฒด่ณ“,,,
766,601365,่ฒด่ณ“,,,
767,601366,่ฒด่ณ“,,,
768,601367,่ฒด่ณ“,,,
769,601368,่ฒด่ณ“,,,
770,601369,่ฒด่ณ“,,,
771,601370,่ฒด่ณ“,,,
772,601371,่ฒด่ณ“,,,
773,601372,่ฒด่ณ“,,,
774,601373,่ฒด่ณ“,,,
775,601374,่ฒด่ณ“,,,
776,601375,่ฒด่ณ“,,,
777,601376,่ฒด่ณ“,,,
778,601377,่ฒด่ณ“,,,
779,601378,่ฒด่ณ“,,,
780,601379,่ฒด่ณ“,,,
781,601380,่ฒด่ณ“,,,
782,601381,่ฒด่ณ“,,,
783,601382,่ฒด่ณ“,,,
784,601383,่ฒด่ณ“,,,
785,601384,่ฒด่ณ“,,,
786,601385,่ฒด่ณ“,,,
787,601386,่ฒด่ณ“,,,
788,601387,่ฒด่ณ“,,,
789,601388,่ฒด่ณ“,,,
790,601389,่ฒด่ณ“,,,
791,601390,่ฒด่ณ“,,,
792,601391,่ฒด่ณ“,,,
793,601392,่ฒด่ณ“,,,
794,601393,่ฒด่ณ“,,,
795,601394,่ฒด่ณ“,,,
796,601395,่ฒด่ณ“,,,
797,601396,่ฒด่ณ“,,,
798,601397,่ฒด่ณ“,,,
799,601398,่ฒด่ณ“,,,
800,601399,่ฒด่ณ“,,,
801,601400,่ฒด่ณ“,,,
802,601401,่ฒด่ณ“,,,
803,601402,่ฒด่ณ“,,,
804,601403,่ฒด่ณ“,,,
805,601404,่ฒด่ณ“,,,
806,601405,่ฒด่ณ“,,,
807,601406,่ฒด่ณ“,,,
808,601407,่ฒด่ณ“,,,
809,601408,่ฒด่ณ“,,,
810,601409,่ฒด่ณ“,,,
811,601410,่ฒด่ณ“,,,
812,601411,่ฒด่ณ“,,,
813,601412,่ฒด่ณ“,,,
814,601413,่ฒด่ณ“,,,
815,601414,่ฒด่ณ“,,,
816,601415,่ฒด่ณ“,,,
817,601416,่ฒด่ณ“,,,
818,601417,่ฒด่ณ“,,,
819,601418,่ฒด่ณ“,,,
820,601419,่ฒด่ณ“,,,
821,601420,่ฒด่ณ“,,,
822,601421,่ฒด่ณ“,,,
823,601422,่ฒด่ณ“,,,
824,601423,่ฒด่ณ“,,,
825,601424,่ฒด่ณ“,,,
826,601425,่ฒด่ณ“,,,
827,601426,่ฒด่ณ“,,,
828,601427,่ฒด่ณ“,,,
829,601428,่ฒด่ณ“,,,
830,601429,่ฒด่ณ“,,,
831,601430,่ฒด่ณ“,,,
832,601431,่ฒด่ณ“,,,
833,601432,่ฒด่ณ“,,,
834,601433,่ฒด่ณ“,,,
835,601434,่ฒด่ณ“,,,
836,601435,่ฒด่ณ“,,,
837,601436,่ฒด่ณ“,,,
838,601437,่ฒด่ณ“,,,
839,601438,่ฒด่ณ“,,,
840,601439,่ฒด่ณ“,,,
841,601440,่ฒด่ณ“,,,
842,601441,่ฒด่ณ“,,,
843,601442,่ฒด่ณ“,,,
844,601443,่ฒด่ณ“,,,
845,601444,่ฒด่ณ“,,,
846,601445,่ฒด่ณ“,,,
847,601446,่ฒด่ณ“,,,
848,601447,่ฒด่ณ“,,,
849,601448,่ฒด่ณ“,,,
850,601449,่ฒด่ณ“,,,
851,601450,่ฒด่ณ“,,,
852,601451,่ฒด่ณ“,,,
853,601452,่ฒด่ณ“,,,
854,601453,่ฒด่ณ“,,,
855,601454,่ฒด่ณ“,,,
856,601455,่ฒด่ณ“,,,
857,601456,่ฒด่ณ“,,,
858,601457,่ฒด่ณ“,,,
859,601458,่ฒด่ณ“,,,
860,601459,่ฒด่ณ“,,,
861,601460,่ฒด่ณ“,,,
862,601461,่ฒด่ณ“,,,
863,601462,่ฒด่ณ“,,,
864,601463,่ฒด่ณ“,,,
865,601464,่ฒด่ณ“,,,
866,601465,่ฒด่ณ“,,,
867,601466,่ฒด่ณ“,,,
868,601467,่ฒด่ณ“,,,
869,601468,่ฒด่ณ“,,,
870,601469,่ฒด่ณ“,,,
871,601470,่ฒด่ณ“,,,
872,601471,่ฒด่ณ“,,,
873,601472,่ฒด่ณ“,,,
874,601473,่ฒด่ณ“,,,
875,601474,่ฒด่ณ“,,,
876,601475,่ฒด่ณ“,,,
877,601476,่ฒด่ณ“,,,
878,601477,่ฒด่ณ“,,,
879,601478,่ฒด่ณ“,,,
880,601479,่ฒด่ณ“,,,
881,601480,่ฒด่ณ“,,,
882,601481,่ฒด่ณ“,,,
883,601482,่ฒด่ณ“,,,
884,601483,่ฒด่ณ“,,,
885,601484,่ฒด่ณ“,,,
886,601485,่ฒด่ณ“,,,
887,601486,่ฒด่ณ“,,,
888,601487,่ฒด่ณ“,,,
889,601488,่ฒด่ณ“,,,
890,601489,่ฒด่ณ“,,,
891,601490,่ฒด่ณ“,,,
892,601491,่ฒด่ณ“,,,
893,601492,่ฒด่ณ“,,,
894,601493,่ฒด่ณ“,,,
895,601494,่ฒด่ณ“,,,
896,601495,่ฒด่ณ“,,,
897,601496,่ฒด่ณ“,,,
898,601497,่ฒด่ณ“,,,
899,601498,่ฒด่ณ“,,,
900,601499,่ฒด่ณ“,,,
901,601500,่ฒด่ณ“,,,
902,601501,่ฒด่ณ“,,,
903,601502,่ฒด่ณ“,,,
904,601503,่ฒด่ณ“,,,
905,601504,่ฒด่ณ“,,,
906,601505,่ฒด่ณ“,,,
907,601506,่ฒด่ณ“,,,
908,601507,่ฒด่ณ“,,,
909,601508,่ฒด่ณ“,,,
910,601509,่ฒด่ณ“,,,
911,601510,่ฒด่ณ“,,,
912,601511,่ฒด่ณ“,,,
913,601512,่ฒด่ณ“,,,
914,601513,่ฒด่ณ“,,,
915,601514,่ฒด่ณ“,,,
916,601515,่ฒด่ณ“,,,
917,601516,่ฒด่ณ“,,,
918,601517,่ฒด่ณ“,,,
919,601518,่ฒด่ณ“,,,
920,601519,่ฒด่ณ“,,,
921,601520,่ฒด่ณ“,,,
922,601521,่ฒด่ณ“,,,
923,601522,่ฒด่ณ“,,,
924,601523,่ฒด่ณ“,,,
925,601524,่ฒด่ณ“,,,
926,601525,่ฒด่ณ“,,,
927,601526,่ฒด่ณ“,,,
928,601527,่ฒด่ณ“,,,
929,601528,่ฒด่ณ“,,,
930,601529,่ฒด่ณ“,,,
931,601530,่ฒด่ณ“,,,
932,601531,่ฒด่ณ“,,,
933,601532,่ฒด่ณ“,,,
934,601533,่ฒด่ณ“,,,
935,601534,่ฒด่ณ“,,,
936,601535,่ฒด่ณ“,,,
937,601536,่ฒด่ณ“,,,
938,601537,่ฒด่ณ“,,,
939,601538,่ฒด่ณ“,,,
940,601539,่ฒด่ณ“,,,
941,601540,่ฒด่ณ“,,,
942,601541,่ฒด่ณ“,,,
943,601542,่ฒด่ณ“,,,
944,601543,่ฒด่ณ“,,,
945,601544,่ฒด่ณ“,,,
946,601545,่ฒด่ณ“,,,
947,601546,่ฒด่ณ“,,,
948,601547,่ฒด่ณ“,,,
949,601548,่ฒด่ณ“,,,
950,601549,่ฒด่ณ“,,,
951,601550,่ฒด่ณ“,,,
952,601551,่ฒด่ณ“,,,
953,601552,่ฒด่ณ“,,,
954,601553,่ฒด่ณ“,,,
955,601554,่ฒด่ณ“,,,
956,601555,่ฒด่ณ“,,,
957,601556,่ฒด่ณ“,,,
958,601557,่ฒด่ณ“,,,
959,601558,่ฒด่ณ“,,,
960,601559,่ฒด่ณ“,,,
961,601560,่ฒด่ณ“,,,
962,601561,่ฒด่ณ“,,,
963,601562,่ฒด่ณ“,,,
964,601563,่ฒด่ณ“,,,
965,601564,่ฒด่ณ“,,,
966,601565,่ฒด่ณ“,,,
967,601566,่ฒด่ณ“,,,
968,601567,่ฒด่ณ“,,,
969,601568,่ฒด่ณ“,,,
970,601569,่ฒด่ณ“,,,
971,601570,่ฒด่ณ“,,,
972,601571,่ฒด่ณ“,,,
973,601572,่ฒด่ณ“,,,
974,601573,่ฒด่ณ“,,,
975,601574,่ฒด่ณ“,,,
976,601575,่ฒด่ณ“,,,
977,601576,่ฒด่ณ“,,,
978,601577,่ฒด่ณ“,,,
979,601578,่ฒด่ณ“,,,
980,601579,่ฒด่ณ“,,,
981,601580,่ฒด่ณ“,,,
982,601581,่ฒด่ณ“,,,
983,601582,่ฒด่ณ“,,,
984,601583,่ฒด่ณ“,,,
985,601584,่ฒด่ณ“,,,
986,601585,่ฒด่ณ“,,,
987,601586,่ฒด่ณ“,,,
988,601587,่ฒด่ณ“,,,
989,601588,่ฒด่ณ“,,,
990,601589,่ฒด่ณ“,,,
991,601590,่ฒด่ณ“,,,
992,601591,่ฒด่ณ“,,,
993,601592,่ฒด่ณ“,,,
994,601593,่ฒด่ณ“,,,
995,601594,่ฒด่ณ“,,,
996,601595,่ฒด่ณ“,,,
997,601596,่ฒด่ณ“,,,
998,601597,่ฒด่ณ“,,,
999,601598,่ฒด่ณ“,,,
1000,601599,่ฒด่ณ“,,,
1001,601600,่ฒด่ณ“,,,
1002,601601,่ฒด่ณ“,,,
1003,601602,่ฒด่ณ“,,,
1004,601603,่ฒด่ณ“,,,
1005,601604,่ฒด่ณ“,,,
1006,601605,่ฒด่ณ“,,,
1007,601606,่ฒด่ณ“,,,
1008,601607,่ฒด่ณ“,,,
1009,601608,่ฒด่ณ“,,,
1010,601609,่ฒด่ณ“,,,
1011,601610,่ฒด่ณ“,,,
1012,601611,่ฒด่ณ“,,,
1013,601612,่ฒด่ณ“,,,
1014,601613,่ฒด่ณ“,,,
1015,601614,่ฒด่ณ“,,,
1016,601615,่ฒด่ณ“,,,
1017,601616,่ฒด่ณ“,,,
1018,601617,่ฒด่ณ“,,,
1019,601618,่ฒด่ณ“,,,
1020,601619,่ฒด่ณ“,,,
1021,601620,่ฒด่ณ“,,,
1022,601621,่ฒด่ณ“,,,
1023,601622,่ฒด่ณ“,,,
1024,601623,่ฒด่ณ“,,,
1025,601624,่ฒด่ณ“,,,
1026,601625,่ฒด่ณ“,,,
1027,601626,่ฒด่ณ“,,,
1028,601627,่ฒด่ณ“,,,
1029,601628,่ฒด่ณ“,,,
1030,601629,่ฒด่ณ“,,,
1031,601630,่ฒด่ณ“,,,
1032,601631,่ฒด่ณ“,,,
1033,601632,่ฒด่ณ“,,,
1034,601633,่ฒด่ณ“,,,
1035,601634,่ฒด่ณ“,,,
1036,601635,่ฒด่ณ“,,,
1037,601636,่ฒด่ณ“,,,
1038,601637,่ฒด่ณ“,,,
1039,601638,่ฒด่ณ“,,,
1040,601639,่ฒด่ณ“,,,
1041,601640,่ฒด่ณ“,,,
1042,601641,่ฒด่ณ“,,,
1043,601642,่ฒด่ณ“,,,
1044,601643,่ฒด่ณ“,,,
1045,601644,่ฒด่ณ“,,,
1046,601645,่ฒด่ณ“,,,
1047,601646,่ฒด่ณ“,,,
1048,601647,่ฒด่ณ“,,,
1049,601648,่ฒด่ณ“,,,
1050,601649,่ฒด่ณ“,,,
1051,601650,่ฒด่ณ“,,,
1052,601651,่ฒด่ณ“,,,
1053,601652,่ฒด่ณ“,,,
1054,601653,่ฒด่ณ“,,,
1055,601654,่ฒด่ณ“,,,
1056,601655,่ฒด่ณ“,,,
1057,601656,่ฒด่ณ“,,,
1058,601657,่ฒด่ณ“,,,
1059,601658,่ฒด่ณ“,,,
1060,601659,่ฒด่ณ“,,,
1061,601660,่ฒด่ณ“,,,
1062,601661,่ฒด่ณ“,,,
1063,601662,่ฒด่ณ“,,,
1064,601663,่ฒด่ณ“,,,
1065,601664,่ฒด่ณ“,,,
1066,601665,่ฒด่ณ“,,,
1067,601666,่ฒด่ณ“,,,
1068,601667,่ฒด่ณ“,,,
1069,601668,่ฒด่ณ“,,,
1070,601669,่ฒด่ณ“,,,
1071,601670,่ฒด่ณ“,,,
1072,601671,่ฒด่ณ“,,,
1073,601672,่ฒด่ณ“,,,
1074,601673,่ฒด่ณ“,,,
1075,601674,่ฒด่ณ“,,,
1076,601675,่ฒด่ณ“,,,
1077,601676,่ฒด่ณ“,,,
1078,601677,่ฒด่ณ“,,,
1079,601678,่ฒด่ณ“,,,
1080,601679,่ฒด่ณ“,,,
1081,601680,่ฒด่ณ“,,,
1082,601681,่ฒด่ณ“,,,
1083,601682,่ฒด่ณ“,,,
1084,601683,่ฒด่ณ“,,,
1085,601684,่ฒด่ณ“,,,
1086,601685,่ฒด่ณ“,,,
1087,601686,่ฒด่ณ“,,,
1088,601687,่ฒด่ณ“,,,
1089,601688,่ฒด่ณ“,,,
1090,601689,่ฒด่ณ“,,,
1091,601690,่ฒด่ณ“,,,
1092,601691,่ฒด่ณ“,,,
1093,601692,่ฒด่ณ“,,,
1094,601693,่ฒด่ณ“,,,
1095,601694,่ฒด่ณ“,,,
1096,601695,่ฒด่ณ“,,,
1097,601696,่ฒด่ณ“,,,
1098,601697,่ฒด่ณ“,,,
1099,601698,่ฒด่ณ“,,,
1100,601699,่ฒด่ณ“,,,
1101,601700,่ฒด่ณ“,,,
1102,601701,่ฒด่ณ“,,,
1103,601702,่ฒด่ณ“,,,
1104,601703,่ฒด่ณ“,,,
1105,601704,่ฒด่ณ“,,,
1106,601705,่ฒด่ณ“,,,
1107,601706,่ฒด่ณ“,,,
1108,601707,่ฒด่ณ“,,,
1109,601708,่ฒด่ณ“,,,
1110,601709,่ฒด่ณ“,,,
1111,601710,่ฒด่ณ“,,,
1112,601711,่ฒด่ณ“,,,
1113,601712,่ฒด่ณ“,,,
1114,601713,่ฒด่ณ“,,,
1115,601714,่ฒด่ณ“,,,
1116,601715,่ฒด่ณ“,,,
1117,601716,่ฒด่ณ“,,,
1118,601717,่ฒด่ณ“,,,
1119,601718,่ฒด่ณ“,,,
1120,601719,่ฒด่ณ“,,,
1121,601720,่ฒด่ณ“,,,
1122,601721,่ฒด่ณ“,,,
1123,601722,่ฒด่ณ“,,,
1124,601723,่ฒด่ณ“,,,
1125,601724,่ฒด่ณ“,,,
1126,601725,่ฒด่ณ“,,,
1127,601726,่ฒด่ณ“,,,
1128,601727,่ฒด่ณ“,,,
1129,601728,่ฒด่ณ“,,,
1130,601729,่ฒด่ณ“,,,
1131,601730,่ฒด่ณ“,,,
1132,601731,่ฒด่ณ“,,,
1133,601732,่ฒด่ณ“,,,
1134,601733,่ฒด่ณ“,,,
1135,601734,่ฒด่ณ“,,,
1136,601735,่ฒด่ณ“,,,
1137,601736,่ฒด่ณ“,,,
1138,601737,่ฒด่ณ“,,,
1139,601738,่ฒด่ณ“,,,
1140,601739,่ฒด่ณ“,,,
1141,601740,่ฒด่ณ“,,,
1142,601741,่ฒด่ณ“,,,
1143,601742,่ฒด่ณ“,,,
1144,601743,่ฒด่ณ“,,,
1145,601744,่ฒด่ณ“,,,
1146,601745,่ฒด่ณ“,,,
1147,601746,่ฒด่ณ“,,,
1148,601747,่ฒด่ณ“,,,
1149,601748,่ฒด่ณ“,,,
1150,601749,่ฒด่ณ“,,,
1151,601750,่ฒด่ณ“,,,
1152,601751,่ฒด่ณ“,,,
1153,601752,่ฒด่ณ“,,,
1154,601753,่ฒด่ณ“,,,
1155,601754,่ฒด่ณ“,,,
1156,601755,่ฒด่ณ“,,,
1157,601756,่ฒด่ณ“,,,
1158,601757,่ฒด่ณ“,,,
1159,601758,่ฒด่ณ“,,,
1160,601759,่ฒด่ณ“,,,
1161,601760,่ฒด่ณ“,,,
1162,601761,่ฒด่ณ“,,,
1163,601762,่ฒด่ณ“,,,
1164,601763,่ฒด่ณ“,,,
1165,601764,่ฒด่ณ“,,,
1166,601765,่ฒด่ณ“,,,
1167,601766,่ฒด่ณ“,,,
1168,601767,่ฒด่ณ“,,,
1169,601768,่ฒด่ณ“,,,
1170,601769,่ฒด่ณ“,,,
1171,601770,่ฒด่ณ“,,,
1172,601771,่ฒด่ณ“,,,
1173,601772,่ฒด่ณ“,,,
1174,601773,่ฒด่ณ“,,,
1175,601774,่ฒด่ณ“,,,
1176,601775,่ฒด่ณ“,,,
1177,601776,่ฒด่ณ“,,,
1178,601777,่ฒด่ณ“,,,
1179,601778,่ฒด่ณ“,,,
1180,601779,่ฒด่ณ“,,,
1181,601780,่ฒด่ณ“,,,
1182,601781,่ฒด่ณ“,,,
1183,601782,่ฒด่ณ“,,,
1184,601783,่ฒด่ณ“,,,
1185,601784,่ฒด่ณ“,,,
1186,601785,่ฒด่ณ“,,,
1187,601786,่ฒด่ณ“,,,
1188,601787,่ฒด่ณ“,,,
1189,601788,่ฒด่ณ“,,,
1190,601789,่ฒด่ณ“,,,
1191,601790,่ฒด่ณ“,,,
1192,601791,่ฒด่ณ“,,,
1193,601792,่ฒด่ณ“,,,
1194,601793,่ฒด่ณ“,,,
1195,601794,่ฒด่ณ“,,,
1196,601795,่ฒด่ณ“,,,
1197,601796,่ฒด่ณ“,,,
1198,601797,่ฒด่ณ“,,,
1199,601798,่ฒด่ณ“,,,
1200,601799,่ฒด่ณ“,,,
1201,601800,่ฒด่ณ“,,,
1202,601801,่ฒด่ณ“,,,
1203,601802,่ฒด่ณ“,,,
1204,601803,่ฒด่ณ“,,,
1205,601804,่ฒด่ณ“,,,
1206,601805,่ฒด่ณ“,,,
1207,601806,่ฒด่ณ“,,,
1208,601807,่ฒด่ณ“,,,
1209,601808,่ฒด่ณ“,,,
1210,601809,่ฒด่ณ“,,,
1211,601810,่ฒด่ณ“,,,
1212,601811,่ฒด่ณ“,,,
1213,601812,่ฒด่ณ“,,,
1214,601813,่ฒด่ณ“,,,
1215,601814,่ฒด่ณ“,,,
1216,601815,่ฒด่ณ“,,,
1217,601816,่ฒด่ณ“,,,
1218,601817,่ฒด่ณ“,,,
1219,601818,่ฒด่ณ“,,,
1220,601819,่ฒด่ณ“,,,
1221,601820,่ฒด่ณ“,,,
1222,601821,่ฒด่ณ“,,,
1223,601822,่ฒด่ณ“,,,
1224,601823,่ฒด่ณ“,,,
1225,601824,่ฒด่ณ“,,,
1226,601825,่ฒด่ณ“,,,
1227,601826,่ฒด่ณ“,,,
1228,601827,่ฒด่ณ“,,,
1229,601828,่ฒด่ณ“,,,
1230,601829,่ฒด่ณ“,,,
1231,601830,่ฒด่ณ“,,,
1232,601831,่ฒด่ณ“,,,
1233,601832,่ฒด่ณ“,,,
1234,601833,่ฒด่ณ“,,,
1235,601834,่ฒด่ณ“,,,
1236,601835,่ฒด่ณ“,,,
1237,601836,่ฒด่ณ“,,,
1238,601837,่ฒด่ณ“,,,
1239,601838,่ฒด่ณ“,,,
1240,601839,่ฒด่ณ“,,,
1241,601840,่ฒด่ณ“,,,
1242,601841,่ฒด่ณ“,,,
1243,601842,่ฒด่ณ“,,,
1244,601843,่ฒด่ณ“,,,
1245,601844,่ฒด่ณ“,,,
1246,601845,่ฒด่ณ“,,,
1247,601846,่ฒด่ณ“,,,
1248,601847,่ฒด่ณ“,,,
1249,601848,่ฒด่ณ“,,,
1250,601849,่ฒด่ณ“,,,
1251,601850,่ฒด่ณ“,,,
1252,601851,่ฒด่ณ“,,,
1253,601852,่ฒด่ณ“,,,
1254,601853,่ฒด่ณ“,,,
1255,601854,่ฒด่ณ“,,,
1256,601855,่ฒด่ณ“,,,
1257,601856,่ฒด่ณ“,,,
1258,601857,่ฒด่ณ“,,,
1259,601858,่ฒด่ณ“,,,
1260,601859,่ฒด่ณ“,,,
1261,601860,่ฒด่ณ“,,,
1262,601861,่ฒด่ณ“,,,
1263,601862,่ฒด่ณ“,,,
1264,601863,่ฒด่ณ“,,,
1265,601864,่ฒด่ณ“,,,
1266,601865,่ฒด่ณ“,,,
1267,601866,่ฒด่ณ“,,,
1268,601867,่ฒด่ณ“,,,
1269,601868,่ฒด่ณ“,,,
1270,601869,่ฒด่ณ“,,,
1271,601870,่ฒด่ณ“,,,
1272,601871,่ฒด่ณ“,,,
1273,601872,่ฒด่ณ“,,,
1274,601873,่ฒด่ณ“,,,
1275,601874,่ฒด่ณ“,,,
1276,601875,่ฒด่ณ“,,,
1277,601876,่ฒด่ณ“,,,
1278,601877,่ฒด่ณ“,,,
1279,601878,่ฒด่ณ“,,,
1280,601879,่ฒด่ณ“,,,
1281,601880,่ฒด่ณ“,,,
1282,601881,่ฒด่ณ“,,,
1283,601882,่ฒด่ณ“,,,
1284,601883,่ฒด่ณ“,,,
1285,601884,่ฒด่ณ“,,,
1286,601885,่ฒด่ณ“,,,
1287,601886,่ฒด่ณ“,,,
1288,601887,่ฒด่ณ“,,,
1289,601888,่ฒด่ณ“,,,
1290,601889,่ฒด่ณ“,,,
1291,601890,่ฒด่ณ“,,,
1292,601891,่ฒด่ณ“,,,
1293,601892,่ฒด่ณ“,,,
1294,601893,่ฒด่ณ“,,,
1295,601894,่ฒด่ณ“,,,
1296,601895,่ฒด่ณ“,,,
1297,601896,่ฒด่ณ“,,,
1298,601897,่ฒด่ณ“,,,
1299,601898,่ฒด่ณ“,,,
1300,601899,่ฒด่ณ“,,,
1301,601900,่ฒด่ณ“,,,
1302,601901,่ฒด่ณ“,,,
1303,601902,่ฒด่ณ“,,,
1304,601903,่ฒด่ณ“,,,
1305,601904,่ฒด่ณ“,,,
1306,601905,่ฒด่ณ“,,,
1307,601906,่ฒด่ณ“,,,
1308,601907,่ฒด่ณ“,,,
1309,601908,่ฒด่ณ“,,,
1310,601909,่ฒด่ณ“,,,
1311,601910,่ฒด่ณ“,,,
1312,601911,่ฒด่ณ“,,,
1313,601912,่ฒด่ณ“,,,
1314,601913,่ฒด่ณ“,,,
1315,601914,่ฒด่ณ“,,,
1316,601915,่ฒด่ณ“,,,
1317,601916,่ฒด่ณ“,,,
1318,601917,่ฒด่ณ“,,,
1319,601918,่ฒด่ณ“,,,
1320,601919,่ฒด่ณ“,,,
1321,601920,่ฒด่ณ“,,,
1322,601921,่ฒด่ณ“,,,
1323,601922,่ฒด่ณ“,,,
1324,601923,่ฒด่ณ“,,,
1325,601924,่ฒด่ณ“,,,
1326,601925,่ฒด่ณ“,,,
1327,601926,่ฒด่ณ“,,,
1328,601927,่ฒด่ณ“,,,
1329,601928,่ฒด่ณ“,,,
1330,601929,่ฒด่ณ“,,,
1331,601930,่ฒด่ณ“,,,
1332,601931,่ฒด่ณ“,,,
1333,601932,่ฒด่ณ“,,,
1334,601933,่ฒด่ณ“,,,
1335,601934,่ฒด่ณ“,,,
1336,601935,่ฒด่ณ“,,,
1337,601936,่ฒด่ณ“,,,
1338,601937,่ฒด่ณ“,,,
1339,601938,่ฒด่ณ“,,,
1340,601939,่ฒด่ณ“,,,
1341,601940,่ฒด่ณ“,,,
1342,601941,่ฒด่ณ“,,,
1343,601942,่ฒด่ณ“,,,
1344,601943,่ฒด่ณ“,,,
1345,601944,่ฒด่ณ“,,,
1346,601945,่ฒด่ณ“,,,
1347,601946,่ฒด่ณ“,,,
1348,601947,่ฒด่ณ“,,,
1349,601948,่ฒด่ณ“,,,
1350,601949,่ฒด่ณ“,,,
1351,601950,่ฒด่ณ“,,,
1352,601951,่ฒด่ณ“,,,
1353,601952,่ฒด่ณ“,,,
1354,601953,่ฒด่ณ“,,,
1355,601954,่ฒด่ณ“,,,
1356,601955,่ฒด่ณ“,,,
1357,601956,่ฒด่ณ“,,,
1358,601957,่ฒด่ณ“,,,
1359,601958,่ฒด่ณ“,,,
1360,601959,่ฒด่ณ“,,,
1361,601960,่ฒด่ณ“,,,
1362,601961,่ฒด่ณ“,,,
1363,601962,่ฒด่ณ“,,,
1364,601963,่ฒด่ณ“,,,
1365,601964,่ฒด่ณ“,,,
1366,601965,่ฒด่ณ“,,,
1367,601966,่ฒด่ณ“,,,
1368,601967,่ฒด่ณ“,,,
1369,601968,่ฒด่ณ“,,,
1370,601969,่ฒด่ณ“,,,
1371,601970,่ฒด่ณ“,,,
1372,601971,่ฒด่ณ“,,,
1373,601972,่ฒด่ณ“,,,
1374,601973,่ฒด่ณ“,,,
1375,601974,่ฒด่ณ“,,,
1376,601975,่ฒด่ณ“,,,
1377,601976,่ฒด่ณ“,,,
1378,601977,่ฒด่ณ“,,,
1379,601978,่ฒด่ณ“,,,
1380,601979,่ฒด่ณ“,,,
1381,601980,่ฒด่ณ“,,,
1382,601981,่ฒด่ณ“,,,
1383,601982,่ฒด่ณ“,,,
1384,601983,่ฒด่ณ“,,,
1385,601984,่ฒด่ณ“,,,
1386,601985,่ฒด่ณ“,,,
1387,601986,่ฒด่ณ“,,,
1388,601987,่ฒด่ณ“,,,
1389,601988,่ฒด่ณ“,,,
1390,601989,่ฒด่ณ“,,,
1391,601990,่ฒด่ณ“,,,
1392,601991,่ฒด่ณ“,,,
1393,601992,่ฒด่ณ“,,,
1394,601993,่ฒด่ณ“,,,
1395,601994,่ฒด่ณ“,,,
1396,601995,่ฒด่ณ“,,,
1397,601996,่ฒด่ณ“,,,
1398,601997,่ฒด่ณ“,,,
1399,601998,่ฒด่ณ“,,,
1400,601999,่ฒด่ณ“,,,
1401,602000,่ฒด่ณ“,,,
1402,602001,่ฒด่ณ“,,,
1403,602002,่ฒด่ณ“,,,
1404,602003,่ฒด่ณ“,,,
1405,602004,่ฒด่ณ“,,,
1406,602005,่ฒด่ณ“,,,
1407,602006,่ฒด่ณ“,,,
1408,602007,่ฒด่ณ“,,,
1409,602008,่ฒด่ณ“,,,
1410,602009,่ฒด่ณ“,,,
1411,602010,่ฒด่ณ“,,,
1412,602011,่ฒด่ณ“,,,
1413,602012,่ฒด่ณ“,,,
1414,602013,่ฒด่ณ“,,,
1415,602014,่ฒด่ณ“,,,
1416,602015,่ฒด่ณ“,,,
1417,602016,่ฒด่ณ“,,,
1418,602017,่ฒด่ณ“,,,
1419,602018,่ฒด่ณ“,,,
1420,602019,่ฒด่ณ“,,,
1421,602020,่ฒด่ณ“,,,
1422,602021,่ฒด่ณ“,,,
1423,602022,่ฒด่ณ“,,,
1424,602023,่ฒด่ณ“,,,
1425,602024,่ฒด่ณ“,,,
1426,602025,่ฒด่ณ“,,,
1427,602026,่ฒด่ณ“,,,
1428,602027,่ฒด่ณ“,,,
1429,602028,่ฒด่ณ“,,,
1430,602029,่ฒด่ณ“,,,
1431,602030,่ฒด่ณ“,,,
1432,602031,่ฒด่ณ“,,,
1433,602032,่ฒด่ณ“,,,
1434,602033,่ฒด่ณ“,,,
1435,602034,่ฒด่ณ“,,,
1436,602035,่ฒด่ณ“,,,
1437,602036,่ฒด่ณ“,,,
1438,602037,่ฒด่ณ“,,,
1439,602038,่ฒด่ณ“,,,
1440,602039,่ฒด่ณ“,,,
1441,602040,่ฒด่ณ“,,,
1442,602041,่ฒด่ณ“,,,
1443,602042,่ฒด่ณ“,,,
1444,602043,่ฒด่ณ“,,,
1445,602044,่ฒด่ณ“,,,
1446,602045,่ฒด่ณ“,,,
1447,602046,่ฒด่ณ“,,,
1448,602047,่ฒด่ณ“,,,
1449,602048,่ฒด่ณ“,,,
1450,602049,่ฒด่ณ“,,,
1451,602050,่ฒด่ณ“,,,
1452,602051,่ฒด่ณ“,,,
1453,602052,่ฒด่ณ“,,,
1454,602053,่ฒด่ณ“,,,
1455,602054,่ฒด่ณ“,,,
1456,602055,่ฒด่ณ“,,,
1457,602056,่ฒด่ณ“,,,
1458,602057,่ฒด่ณ“,,,
1459,602058,่ฒด่ณ“,,,
1460,602059,่ฒด่ณ“,,,
1461,602060,่ฒด่ณ“,,,
1462,602061,่ฒด่ณ“,,,
1463,602062,่ฒด่ณ“,,,
1464,602063,่ฒด่ณ“,,,
1465,602064,่ฒด่ณ“,,,
1466,602065,่ฒด่ณ“,,,
1467,602066,่ฒด่ณ“,,,
1468,602067,่ฒด่ณ“,,,
1469,602068,่ฒด่ณ“,,,
1470,602069,่ฒด่ณ“,,,
1471,602070,่ฒด่ณ“,,,
1472,602071,่ฒด่ณ“,,,
1473,602072,่ฒด่ณ“,,,
1474,602073,่ฒด่ณ“,,,
1475,602074,่ฒด่ณ“,,,
1476,602075,่ฒด่ณ“,,,
1477,602076,่ฒด่ณ“,,,
1478,602077,่ฒด่ณ“,,,
1479,602078,่ฒด่ณ“,,,
1480,602079,่ฒด่ณ“,,,
1481,602080,่ฒด่ณ“,,,
1482,602081,่ฒด่ณ“,,,
1483,602082,่ฒด่ณ“,,,
1484,602083,่ฒด่ณ“,,,
1485,602084,่ฒด่ณ“,,,
1486,602085,่ฒด่ณ“,,,
1487,602086,่ฒด่ณ“,,,
1488,602087,่ฒด่ณ“,,,
1489,602088,่ฒด่ณ“,,,
1490,602089,่ฒด่ณ“,,,
1491,602090,่ฒด่ณ“,,,
1492,602091,่ฒด่ณ“,,,
1493,602092,่ฒด่ณ“,,,
1494,602093,่ฒด่ณ“,,,
1495,602094,่ฒด่ณ“,,,
1496,602095,่ฒด่ณ“,,,
1497,602096,่ฒด่ณ“,,,
1498,602097,่ฒด่ณ“,,,
1499,602098,่ฒด่ณ“,,,
1500,602099,่ฒด่ณ“,,,
1501,602100,่ฒด่ณ“,,,
1502,602101,่ฒด่ณ“,,,
1503,602102,่ฒด่ณ“,,,
1504,602103,่ฒด่ณ“,,,
1505,602104,่ฒด่ณ“,,,
1506,602105,่ฒด่ณ“,,,
1507,602106,่ฒด่ณ“,,,
1508,602107,่ฒด่ณ“,,,
1509,602108,่ฒด่ณ“,,,
1510,602109,่ฒด่ณ“,,,
1511,602110,่ฒด่ณ“,,,
1512,602111,่ฒด่ณ“,,,
1513,602112,่ฒด่ณ“,,,
1514,602113,่ฒด่ณ“,,,
1515,602114,่ฒด่ณ“,,,
1516,602115,่ฒด่ณ“,,,
1517,602116,่ฒด่ณ“,,,
1518,602117,่ฒด่ณ“,,,
1519,602118,่ฒด่ณ“,,,
1520,602119,่ฒด่ณ“,,,
1521,602120,่ฒด่ณ“,,,
1522,602121,่ฒด่ณ“,,,
1523,602122,่ฒด่ณ“,,,
1524,602123,่ฒด่ณ“,,,
1525,602124,่ฒด่ณ“,,,
1526,602125,่ฒด่ณ“,,,
1527,602126,่ฒด่ณ“,,,
1528,602127,่ฒด่ณ“,,,
1529,602128,่ฒด่ณ“,,,
1530,602129,่ฒด่ณ“,,,
1531,602130,่ฒด่ณ“,,,
1532,602131,่ฒด่ณ“,,,
1533,602132,่ฒด่ณ“,,,
1534,602133,่ฒด่ณ“,,,
1535,602134,่ฒด่ณ“,,,
1536,602135,่ฒด่ณ“,,,
1537,602136,่ฒด่ณ“,,,
1538,602137,่ฒด่ณ“,,,
1539,602138,่ฒด่ณ“,,,
1540,602139,่ฒด่ณ“,,,
1541,602140,่ฒด่ณ“,,,
1542,602141,่ฒด่ณ“,,,
1543,602142,่ฒด่ณ“,,,
1544,602143,่ฒด่ณ“,,,
1545,602144,่ฒด่ณ“,,,
1546,602145,่ฒด่ณ“,,,
1547,602146,่ฒด่ณ“,,,
1548,602147,่ฒด่ณ“,,,
1549,602148,่ฒด่ณ“,,,
1550,602149,่ฒด่ณ“,,,
1551,602150,่ฒด่ณ“,,,
1552,602151,่ฒด่ณ“,,,
1553,602152,่ฒด่ณ“,,,
1554,602153,่ฒด่ณ“,,,
1555,602154,่ฒด่ณ“,,,
1556,602155,่ฒด่ณ“,,,
1557,602156,่ฒด่ณ“,,,
1558,602157,่ฒด่ณ“,,,
1559,602158,่ฒด่ณ“,,,
1560,602159,่ฒด่ณ“,,,
1561,602160,่ฒด่ณ“,,,
1562,602161,่ฒด่ณ“,,,
1563,602162,่ฒด่ณ“,,,
1564,602163,่ฒด่ณ“,,,
1565,602164,่ฒด่ณ“,,,
1566,602165,่ฒด่ณ“,,,
1567,602166,่ฒด่ณ“,,,
1568,602167,่ฒด่ณ“,,,
1569,602168,่ฒด่ณ“,,,
1570,602169,่ฒด่ณ“,,,
1571,602170,่ฒด่ณ“,,,
1572,602171,่ฒด่ณ“,,,
1573,602172,่ฒด่ณ“,,,
1574,602173,่ฒด่ณ“,,,
1575,602174,่ฒด่ณ“,,,
1576,602175,่ฒด่ณ“,,,
1577,602176,่ฒด่ณ“,,,
1578,602177,่ฒด่ณ“,,,
1579,602178,่ฒด่ณ“,,,
1580,602179,่ฒด่ณ“,,,
1581,602180,่ฒด่ณ“,,,
1582,602181,่ฒด่ณ“,,,
1583,602182,่ฒด่ณ“,,,
1584,602183,่ฒด่ณ“,,,
1585,602184,่ฒด่ณ“,,,
1586,602185,่ฒด่ณ“,,,
1587,602186,่ฒด่ณ“,,,
1588,602187,่ฒด่ณ“,,,
1589,602188,่ฒด่ณ“,,,
1590,602189,่ฒด่ณ“,,,
1591,602190,่ฒด่ณ“,,,
1592,602191,่ฒด่ณ“,,,
1593,602192,่ฒด่ณ“,,,
1594,602193,่ฒด่ณ“,,,
1595,602194,่ฒด่ณ“,,,
1596,602195,่ฒด่ณ“,,,
1597,602196,่ฒด่ณ“,,,
1598,602197,่ฒด่ณ“,,,
1599,602198,่ฒด่ณ“,,,
1600,602199,่ฒด่ณ“,,,
1601,602200,่ฒด่ณ“,,,
1602,602201,่ฒด่ณ“,,,
1603,602202,่ฒด่ณ“,,,
1604,602203,่ฒด่ณ“,,,
1605,602204,่ฒด่ณ“,,,
1606,602205,่ฒด่ณ“,,,
1607,602206,่ฒด่ณ“,,,
1608,602207,่ฒด่ณ“,,,
1609,602208,่ฒด่ณ“,,,
1610,602209,่ฒด่ณ“,,,
1611,602210,่ฒด่ณ“,,,
1612,602211,่ฒด่ณ“,,,
1613,602212,่ฒด่ณ“,,,
1614,602213,่ฒด่ณ“,,,
1615,602214,่ฒด่ณ“,,,
1616,602215,่ฒด่ณ“,,,
1617,602216,่ฒด่ณ“,,,
1618,602217,่ฒด่ณ“,,,
1619,602218,่ฒด่ณ“,,,
1620,602219,่ฒด่ณ“,,,
1621,602220,่ฒด่ณ“,,,
1622,602221,่ฒด่ณ“,,,
1623,602222,่ฒด่ณ“,,,
1624,602223,่ฒด่ณ“,,,
1625,602224,่ฒด่ณ“,,,
1626,602225,่ฒด่ณ“,,,
1627,602226,่ฒด่ณ“,,,
1628,602227,่ฒด่ณ“,,,
1629,602228,่ฒด่ณ“,,,
1630,602229,่ฒด่ณ“,,,
1631,602230,่ฒด่ณ“,,,
1632,602231,่ฒด่ณ“,,,
1633,602232,่ฒด่ณ“,,,
1634,602233,่ฒด่ณ“,,,
1635,602234,่ฒด่ณ“,,,
1636,602235,่ฒด่ณ“,,,
1637,602236,่ฒด่ณ“,,,
1638,602237,่ฒด่ณ“,,,
1639,602238,่ฒด่ณ“,,,
1640,602239,่ฒด่ณ“,,,
1641,602240,่ฒด่ณ“,,,
1642,602241,่ฒด่ณ“,,,
1643,602242,่ฒด่ณ“,,,
1644,602243,่ฒด่ณ“,,,
1645,602244,่ฒด่ณ“,,,
1646,602245,่ฒด่ณ“,,,
1647,602246,่ฒด่ณ“,,,
1648,602247,่ฒด่ณ“,,,
1649,602248,่ฒด่ณ“,,,
1650,602249,่ฒด่ณ“,,,
1651,602250,่ฒด่ณ“,,,
1652,602251,่ฒด่ณ“,,,
1653,602252,่ฒด่ณ“,,,
1654,602253,่ฒด่ณ“,,,
1655,602254,่ฒด่ณ“,,,
1656,602255,่ฒด่ณ“,,,
1657,602256,่ฒด่ณ“,,,
1658,602257,่ฒด่ณ“,,,
1659,602258,่ฒด่ณ“,,,
1660,602259,่ฒด่ณ“,,,
1661,602260,่ฒด่ณ“,,,
1662,602261,่ฒด่ณ“,,,
1663,602262,่ฒด่ณ“,,,
1664,602263,่ฒด่ณ“,,,
1665,602264,่ฒด่ณ“,,,
1666,602265,่ฒด่ณ“,,,
1667,602266,่ฒด่ณ“,,,
1668,602267,่ฒด่ณ“,,,
1669,602268,่ฒด่ณ“,,,
1670,602269,่ฒด่ณ“,,,
1671,602270,่ฒด่ณ“,,,
1672,602271,่ฒด่ณ“,,,
1673,602272,่ฒด่ณ“,,,
1674,602273,่ฒด่ณ“,,,
1675,602274,่ฒด่ณ“,,,
1676,602275,่ฒด่ณ“,,,
1677,602276,่ฒด่ณ“,,,
1678,602277,่ฒด่ณ“,,,
1679,602278,่ฒด่ณ“,,,
1680,602279,่ฒด่ณ“,,,
1681,602280,่ฒด่ณ“,,,
1682,602281,่ฒด่ณ“,,,
1683,602282,่ฒด่ณ“,,,
1684,602283,่ฒด่ณ“,,,
1685,602284,่ฒด่ณ“,,,
1686,602285,่ฒด่ณ“,,,
1687,602286,่ฒด่ณ“,,,
1688,602287,่ฒด่ณ“,,,
1689,602288,่ฒด่ณ“,,,
1690,602289,่ฒด่ณ“,,,
1691,602290,่ฒด่ณ“,,,
1692,602291,่ฒด่ณ“,,,
1693,602292,่ฒด่ณ“,,,
1694,602293,่ฒด่ณ“,,,
1695,602294,่ฒด่ณ“,,,
1696,602295,่ฒด่ณ“,,,
1697,602296,่ฒด่ณ“,,,
1698,602297,่ฒด่ณ“,,,
1699,602298,่ฒด่ณ“,,,
1700,602299,่ฒด่ณ“,,,
1701,602300,่ฒด่ณ“,,,
1702,602301,่ฒด่ณ“,,,
1703,602302,่ฒด่ณ“,,,
1704,602303,่ฒด่ณ“,,,
1705,602304,่ฒด่ณ“,,,
1706,602305,่ฒด่ณ“,,,
1707,602306,่ฒด่ณ“,,,
1708,602307,่ฒด่ณ“,,,
1709,602308,่ฒด่ณ“,,,
1710,602309,่ฒด่ณ“,,,
1711,602310,่ฒด่ณ“,,,
1712,602311,่ฒด่ณ“,,,
1713,602312,่ฒด่ณ“,,,
1714,602313,่ฒด่ณ“,,,
1715,602314,่ฒด่ณ“,,,
1716,602315,่ฒด่ณ“,,,
1717,602316,่ฒด่ณ“,,,
1718,602317,่ฒด่ณ“,,,
1719,602318,่ฒด่ณ“,,,
1720,602319,่ฒด่ณ“,,,
1721,602320,่ฒด่ณ“,,,
1722,602321,่ฒด่ณ“,,,
1723,602322,่ฒด่ณ“,,,
1724,602323,่ฒด่ณ“,,,
1725,602324,่ฒด่ณ“,,,
1726,602325,่ฒด่ณ“,,,
1727,602326,่ฒด่ณ“,,,
1728,602327,่ฒด่ณ“,,,
1729,602328,่ฒด่ณ“,,,
1730,602329,่ฒด่ณ“,,,
1731,602330,่ฒด่ณ“,,,
1732,602331,่ฒด่ณ“,,,
1733,602332,่ฒด่ณ“,,,
1734,602333,่ฒด่ณ“,,,
1735,602334,่ฒด่ณ“,,,
1736,602335,่ฒด่ณ“,,,
1737,602336,่ฒด่ณ“,,,
1738,602337,่ฒด่ณ“,,,
1739,602338,่ฒด่ณ“,,,
1740,602339,่ฒด่ณ“,,,
1741,602340,่ฒด่ณ“,,,
1742,602341,่ฒด่ณ“,,,
1743,602342,่ฒด่ณ“,,,
1744,602343,่ฒด่ณ“,,,
1745,602344,่ฒด่ณ“,,,
1746,602345,่ฒด่ณ“,,,
1747,602346,่ฒด่ณ“,,,
1748,602347,่ฒด่ณ“,,,
1749,602348,่ฒด่ณ“,,,
1750,602349,่ฒด่ณ“,,,
1751,602350,่ฒด่ณ“,,,
1752,602351,่ฒด่ณ“,,,
1753,602352,่ฒด่ณ“,,,
1754,602353,่ฒด่ณ“,,,
1755,602354,่ฒด่ณ“,,,
1756,602355,่ฒด่ณ“,,,
1757,602356,่ฒด่ณ“,,,
1758,602357,่ฒด่ณ“,,,
1759,602358,่ฒด่ณ“,,,
1760,602359,่ฒด่ณ“,,,
1761,602360,่ฒด่ณ“,,,
1762,602361,่ฒด่ณ“,,,
1763,602362,่ฒด่ณ“,,,
1764,602363,่ฒด่ณ“,,,
1765,602364,่ฒด่ณ“,,,
1766,602365,่ฒด่ณ“,,,
1767,602366,่ฒด่ณ“,,,
1768,602367,่ฒด่ณ“,,,
1769,602368,่ฒด่ณ“,,,
1770,602369,่ฒด่ณ“,,,
1771,602370,่ฒด่ณ“,,,
1772,602371,่ฒด่ณ“,,,
1773,602372,่ฒด่ณ“,,,
1774,602373,่ฒด่ณ“,,,
1775,602374,่ฒด่ณ“,,,
1776,602375,่ฒด่ณ“,,,
1777,602376,่ฒด่ณ“,,,
1778,602377,่ฒด่ณ“,,,
1779,602378,่ฒด่ณ“,,,
1780,602379,่ฒด่ณ“,,,
1781,602380,่ฒด่ณ“,,,
1782,602381,่ฒด่ณ“,,,
1783,602382,่ฒด่ณ“,,,
1784,602383,่ฒด่ณ“,,,
1785,602384,่ฒด่ณ“,,,
1786,602385,่ฒด่ณ“,,,
1787,602386,่ฒด่ณ“,,,
1788,602387,่ฒด่ณ“,,,
1789,602388,่ฒด่ณ“,,,
1790,602389,่ฒด่ณ“,,,
1791,602390,่ฒด่ณ“,,,
1792,602391,่ฒด่ณ“,,,
1793,602392,่ฒด่ณ“,,,
1794,602393,่ฒด่ณ“,,,
1795,602394,่ฒด่ณ“,,,
1796,602395,่ฒด่ณ“,,,
1797,602396,่ฒด่ณ“,,,
1798,602397,่ฒด่ณ“,,,
1799,602398,่ฒด่ณ“,,,
1800,602399,่ฒด่ณ“,,,
1801,602400,่ฒด่ณ“,,,
1802,602401,่ฒด่ณ“,,,
1803,602402,่ฒด่ณ“,,,
1804,602403,่ฒด่ณ“,,,
1805,602404,่ฒด่ณ“,,,
1806,602405,่ฒด่ณ“,,,
1807,602406,่ฒด่ณ“,,,
1808,602407,่ฒด่ณ“,,,
1809,602408,่ฒด่ณ“,,,
1810,602409,่ฒด่ณ“,,,
1811,602410,่ฒด่ณ“,,,
1812,602411,่ฒด่ณ“,,,
1813,602412,่ฒด่ณ“,,,
1814,602413,่ฒด่ณ“,,,
1815,602414,่ฒด่ณ“,,,
1816,602415,่ฒด่ณ“,,,
1817,602416,่ฒด่ณ“,,,
1818,602417,่ฒด่ณ“,,,
1819,602418,่ฒด่ณ“,,,
1820,602419,่ฒด่ณ“,,,
1821,602420,่ฒด่ณ“,,,
1822,602421,่ฒด่ณ“,,,
1823,602422,่ฒด่ณ“,,,
1824,602423,่ฒด่ณ“,,,
1825,602424,่ฒด่ณ“,,,
1826,602425,่ฒด่ณ“,,,
1827,602426,่ฒด่ณ“,,,
1828,602427,่ฒด่ณ“,,,
1829,602428,่ฒด่ณ“,,,
1830,602429,่ฒด่ณ“,,,
1831,602430,่ฒด่ณ“,,,
1832,602431,่ฒด่ณ“,,,
1833,602432,่ฒด่ณ“,,,
1834,602433,่ฒด่ณ“,,,
1835,602434,่ฒด่ณ“,,,
1836,602435,่ฒด่ณ“,,,
1837,602436,่ฒด่ณ“,,,
1838,602437,่ฒด่ณ“,,,
1839,602438,่ฒด่ณ“,,,
1840,602439,่ฒด่ณ“,,,
1841,602440,่ฒด่ณ“,,,
1842,602441,่ฒด่ณ“,,,
1843,602442,่ฒด่ณ“,,,
1844,602443,่ฒด่ณ“,,,
1845,602444,่ฒด่ณ“,,,
1846,602445,่ฒด่ณ“,,,
1847,602446,่ฒด่ณ“,,,
1848,602447,่ฒด่ณ“,,,
1849,602448,่ฒด่ณ“,,,
1850,602449,่ฒด่ณ“,,,
1851,602450,่ฒด่ณ“,,,
1852,602451,่ฒด่ณ“,,,
1853,602452,่ฒด่ณ“,,,
1854,602453,่ฒด่ณ“,,,
1855,602454,่ฒด่ณ“,,,
1856,602455,่ฒด่ณ“,,,
1857,602456,่ฒด่ณ“,,,
1858,602457,่ฒด่ณ“,,,
1859,602458,่ฒด่ณ“,,,
1860,602459,่ฒด่ณ“,,,
1861,602460,่ฒด่ณ“,,,
1862,602461,่ฒด่ณ“,,,
1863,602462,่ฒด่ณ“,,,
1864,602463,่ฒด่ณ“,,,
1865,602464,่ฒด่ณ“,,,
1866,602465,่ฒด่ณ“,,,
1867,602466,่ฒด่ณ“,,,
1868,602467,่ฒด่ณ“,,,
1869,602468,่ฒด่ณ“,,,
1870,602469,่ฒด่ณ“,,,
1871,602470,่ฒด่ณ“,,,
1872,602471,่ฒด่ณ“,,,
1873,602472,่ฒด่ณ“,,,
1874,602473,่ฒด่ณ“,,,
1875,602474,่ฒด่ณ“,,,
1876,602475,่ฒด่ณ“,,,
1877,602476,่ฒด่ณ“,,,
1878,602477,่ฒด่ณ“,,,
1879,602478,่ฒด่ณ“,,,
1880,602479,่ฒด่ณ“,,,
1881,602480,่ฒด่ณ“,,,
1882,602481,่ฒด่ณ“,,,
1883,602482,่ฒด่ณ“,,,
1884,602483,่ฒด่ณ“,,,
1885,602484,่ฒด่ณ“,,,
1886,602485,่ฒด่ณ“,,,
1887,602486,่ฒด่ณ“,,,
1888,602487,่ฒด่ณ“,,,
1889,602488,่ฒด่ณ“,,,
1890,602489,่ฒด่ณ“,,,
1891,602490,่ฒด่ณ“,,,
1892,602491,่ฒด่ณ“,,,
1893,602492,่ฒด่ณ“,,,
1894,602493,่ฒด่ณ“,,,
1895,602494,่ฒด่ณ“,,,
1896,602495,่ฒด่ณ“,,,
1897,602496,่ฒด่ณ“,,,
1898,602497,่ฒด่ณ“,,,
1899,602498,่ฒด่ณ“,,,
1900,602499,่ฒด่ณ“,,,
1901,602500,่ฒด่ณ“,,,
1902,602501,่ฒด่ณ“,,,
1903,602502,่ฒด่ณ“,,,
1904,602503,่ฒด่ณ“,,,
1905,602504,่ฒด่ณ“,,,
1906,602505,่ฒด่ณ“,,,
1907,602506,่ฒด่ณ“,,,
1908,602507,่ฒด่ณ“,,,
1909,602508,่ฒด่ณ“,,,
1910,602509,่ฒด่ณ“,,,
1911,602510,่ฒด่ณ“,,,
1912,602511,่ฒด่ณ“,,,
1913,602512,่ฒด่ณ“,,,
1914,602513,่ฒด่ณ“,,,
1915,602514,่ฒด่ณ“,,,
1916,602515,่ฒด่ณ“,,,
1917,602516,่ฒด่ณ“,,,
1918,602517,่ฒด่ณ“,,,
1919,602518,่ฒด่ณ“,,,
1920,602519,่ฒด่ณ“,,,
1921,602520,่ฒด่ณ“,,,
1922,602521,่ฒด่ณ“,,,
1923,602522,่ฒด่ณ“,,,
1924,602523,่ฒด่ณ“,,,
1925,602524,่ฒด่ณ“,,,
1926,602525,่ฒด่ณ“,,,
1927,602526,่ฒด่ณ“,,,
1928,602527,่ฒด่ณ“,,,
1929,602528,่ฒด่ณ“,,,
1930,602529,่ฒด่ณ“,,,
1931,602530,่ฒด่ณ“,,,
1932,602531,่ฒด่ณ“,,,
1933,602532,่ฒด่ณ“,,,
1934,602533,่ฒด่ณ“,,,
1935,602534,่ฒด่ณ“,,,
1936,602535,่ฒด่ณ“,,,
1937,602536,่ฒด่ณ“,,,
1938,602537,่ฒด่ณ“,,,
1939,602538,่ฒด่ณ“,,,
1940,602539,่ฒด่ณ“,,,
1941,602540,่ฒด่ณ“,,,
1942,602541,่ฒด่ณ“,,,
1943,602542,่ฒด่ณ“,,,
1944,602543,่ฒด่ณ“,,,
1945,602544,่ฒด่ณ“,,,
1946,602545,่ฒด่ณ“,,,
1947,602546,่ฒด่ณ“,,,
1948,602547,่ฒด่ณ“,,,
1949,602548,่ฒด่ณ“,,,
1950,602549,่ฒด่ณ“,,,
1951,602550,่ฒด่ณ“,,,
1952,602551,่ฒด่ณ“,,,
1953,602552,่ฒด่ณ“,,,
1954,602553,่ฒด่ณ“,,,
1955,602554,่ฒด่ณ“,,,
1956,602555,่ฒด่ณ“,,,
1957,602556,่ฒด่ณ“,,,
1958,602557,่ฒด่ณ“,,,
1959,602558,่ฒด่ณ“,,,
1960,602559,่ฒด่ณ“,,,
1961,602560,่ฒด่ณ“,,,
1962,602561,่ฒด่ณ“,,,
1963,602562,่ฒด่ณ“,,,
1964,602563,่ฒด่ณ“,,,
1965,602564,่ฒด่ณ“,,,
1966,602565,่ฒด่ณ“,,,
1967,602566,่ฒด่ณ“,,,
1968,602567,่ฒด่ณ“,,,
1969,602568,่ฒด่ณ“,,,
1970,602569,่ฒด่ณ“,,,
1971,602570,่ฒด่ณ“,,,
1972,602571,่ฒด่ณ“,,,
1973,602572,่ฒด่ณ“,,,
1974,602573,่ฒด่ณ“,,,
1975,602574,่ฒด่ณ“,,,
1976,602575,่ฒด่ณ“,,,
1977,602576,่ฒด่ณ“,,,
1978,602577,่ฒด่ณ“,,,
1979,602578,่ฒด่ณ“,,,
1980,602579,่ฒด่ณ“,,,
1981,602580,่ฒด่ณ“,,,
1982,602581,่ฒด่ณ“,,,
1983,602582,่ฒด่ณ“,,,
1984,602583,่ฒด่ณ“,,,
1985,602584,่ฒด่ณ“,,,
1986,602585,่ฒด่ณ“,,,
1987,602586,่ฒด่ณ“,,,
1988,602587,่ฒด่ณ“,,,
1989,602588,่ฒด่ณ“,,,
1990,602589,่ฒด่ณ“,,,
1991,602590,่ฒด่ณ“,,,
1992,602591,่ฒด่ณ“,,,
1993,602592,่ฒด่ณ“,,,
1994,602593,่ฒด่ณ“,,,
1995,602594,่ฒด่ณ“,,,
1996,602595,่ฒด่ณ“,,,
1997,602596,่ฒด่ณ“,,,
1998,602597,่ฒด่ณ“,,,
1999,602598,่ฒด่ณ“,,,
2000,602599,่ฒด่ณ“,,,
2001,602600,่ฒด่ณ“,,,
2002,602601,่ฒด่ณ“,,,
2003,602602,่ฒด่ณ“,,,
2004,602603,่ฒด่ณ“,,,
2005,602604,่ฒด่ณ“,,,
2006,602605,่ฒด่ณ“,,,
2007,602606,่ฒด่ณ“,,,
2008,602607,่ฒด่ณ“,,,
2009,602608,่ฒด่ณ“,,,
2010,602609,่ฒด่ณ“,,,
2011,602610,่ฒด่ณ“,,,
2012,602611,่ฒด่ณ“,,,
2013,602612,่ฒด่ณ“,,,
2014,602613,่ฒด่ณ“,,,
2015,602614,่ฒด่ณ“,,,
2016,602615,่ฒด่ณ“,,,
2017,602616,่ฒด่ณ“,,,
2018,602617,่ฒด่ณ“,,,
2019,602618,่ฒด่ณ“,,,
2020,602619,่ฒด่ณ“,,,
2021,602620,่ฒด่ณ“,,,
2022,602621,่ฒด่ณ“,,,
2023,602622,่ฒด่ณ“,,,
2024,602623,่ฒด่ณ“,,,
2025,602624,่ฒด่ณ“,,,
2026,602625,่ฒด่ณ“,,,
2027,602626,่ฒด่ณ“,,,
2028,602627,่ฒด่ณ“,,,
2029,602628,่ฒด่ณ“,,,
2030,602629,่ฒด่ณ“,,,
2031,602630,่ฒด่ณ“,,,
2032,602631,่ฒด่ณ“,,,
2033,602632,่ฒด่ณ“,,,
2034,602633,่ฒด่ณ“,,,
2035,602634,่ฒด่ณ“,,,
2036,602635,่ฒด่ณ“,,,
2037,602636,่ฒด่ณ“,,,
2038,602637,่ฒด่ณ“,,,
2039,602638,่ฒด่ณ“,,,
2040,602639,่ฒด่ณ“,,,
2041,602640,่ฒด่ณ“,,,
2042,602641,่ฒด่ณ“,,,
2043,602642,่ฒด่ณ“,,,
2044,602643,่ฒด่ณ“,,,
2045,602644,่ฒด่ณ“,,,
2046,602645,่ฒด่ณ“,,,
2047,602646,่ฒด่ณ“,,,
2048,602647,่ฒด่ณ“,,,
2049,602648,่ฒด่ณ“,,,
2050,602649,่ฒด่ณ“,,,
2051,602650,่ฒด่ณ“,,,
2052,602651,่ฒด่ณ“,,,
2053,602652,่ฒด่ณ“,,,
2054,602653,่ฒด่ณ“,,,
2055,602654,่ฒด่ณ“,,,
2056,602655,่ฒด่ณ“,,,
2057,602656,่ฒด่ณ“,,,
2058,602657,่ฒด่ณ“,,,
2059,602658,่ฒด่ณ“,,,
2060,602659,่ฒด่ณ“,,,
2061,602660,่ฒด่ณ“,,,
2062,602661,่ฒด่ณ“,,,
2063,602662,่ฒด่ณ“,,,
2064,602663,่ฒด่ณ“,,,
2065,602664,่ฒด่ณ“,,,
2066,602665,่ฒด่ณ“,,,
2067,602666,่ฒด่ณ“,,,
2068,602667,่ฒด่ณ“,,,
2069,602668,่ฒด่ณ“,,,
2070,602669,่ฒด่ณ“,,,
2071,602670,่ฒด่ณ“,,,
2072,602671,่ฒด่ณ“,,,
2073,602672,่ฒด่ณ“,,,
2074,602673,่ฒด่ณ“,,,
2075,602674,่ฒด่ณ“,,,
2076,602675,่ฒด่ณ“,,,
2077,602676,่ฒด่ณ“,,,
2078,602677,่ฒด่ณ“,,,
2079,602678,่ฒด่ณ“,,,
2080,602679,่ฒด่ณ“,,,
2081,602680,่ฒด่ณ“,,,
2082,602681,่ฒด่ณ“,,,
2083,602682,่ฒด่ณ“,,,
2084,602683,่ฒด่ณ“,,,
2085,602684,่ฒด่ณ“,,,
2086,602685,่ฒด่ณ“,,,
2087,602686,่ฒด่ณ“,,,
2088,602687,่ฒด่ณ“,,,
2089,602688,่ฒด่ณ“,,,
2090,602689,่ฒด่ณ“,,,
2091,602690,่ฒด่ณ“,,,
2092,602691,่ฒด่ณ“,,,
2093,602692,่ฒด่ณ“,,,
2094,602693,่ฒด่ณ“,,,
2095,602694,่ฒด่ณ“,,,
2096,602695,่ฒด่ณ“,,,
2097,602696,่ฒด่ณ“,,,
2098,602697,่ฒด่ณ“,,,
2099,602698,่ฒด่ณ“,,,
2100,602699,่ฒด่ณ“,,,
2101,602700,่ฒด่ณ“,,,
2102,602701,่ฒด่ณ“,,,
2103,602702,่ฒด่ณ“,,,
2104,602703,่ฒด่ณ“,,,
2105,602704,่ฒด่ณ“,,,
2106,602705,่ฒด่ณ“,,,
2107,602706,่ฒด่ณ“,,,
2108,602707,่ฒด่ณ“,,,
2109,602708,่ฒด่ณ“,,,
2110,602709,่ฒด่ณ“,,,
2111,602710,่ฒด่ณ“,,,
2112,602711,่ฒด่ณ“,,,
2113,602712,่ฒด่ณ“,,,
2114,602713,่ฒด่ณ“,,,
2115,602714,่ฒด่ณ“,,,
2116,602715,่ฒด่ณ“,,,
2117,602716,่ฒด่ณ“,,,
2118,602717,่ฒด่ณ“,,,
2119,602718,่ฒด่ณ“,,,
2120,602719,่ฒด่ณ“,,,
2121,602720,่ฒด่ณ“,,,
2122,602721,่ฒด่ณ“,,,
2123,602722,่ฒด่ณ“,,,
2124,602723,่ฒด่ณ“,,,
2125,602724,่ฒด่ณ“,,,
2126,602725,่ฒด่ณ“,,,
2127,602726,่ฒด่ณ“,,,
2128,602727,่ฒด่ณ“,,,
2129,602728,่ฒด่ณ“,,,
2130,602729,่ฒด่ณ“,,,
2131,602730,่ฒด่ณ“,,,
2132,602731,่ฒด่ณ“,,,
2133,602732,่ฒด่ณ“,,,
2134,602733,่ฒด่ณ“,,,
2135,602734,่ฒด่ณ“,,,
2136,602735,่ฒด่ณ“,,,
2137,602736,่ฒด่ณ“,,,
2138,602737,่ฒด่ณ“,,,
2139,602738,่ฒด่ณ“,,,
2140,602739,่ฒด่ณ“,,,
2141,602740,่ฒด่ณ“,,,
2142,602741,่ฒด่ณ“,,,
2143,602742,่ฒด่ณ“,,,
2144,602743,่ฒด่ณ“,,,
2145,602744,่ฒด่ณ“,,,
2146,602745,่ฒด่ณ“,,,
2147,602746,่ฒด่ณ“,,,
2148,602747,่ฒด่ณ“,,,
2149,602748,่ฒด่ณ“,,,
2150,602749,่ฒด่ณ“,,,
2151,602750,่ฒด่ณ“,,,
2152,602751,่ฒด่ณ“,,,
2153,602752,่ฒด่ณ“,,,
2154,602753,่ฒด่ณ“,,,
2155,602754,่ฒด่ณ“,,,
2156,602755,่ฒด่ณ“,,,
2157,602756,่ฒด่ณ“,,,
2158,602757,่ฒด่ณ“,,,
2159,602758,่ฒด่ณ“,,,
2160,602759,่ฒด่ณ“,,,
2161,602760,่ฒด่ณ“,,,
2162,602761,่ฒด่ณ“,,,
2163,602762,่ฒด่ณ“,,,
2164,602763,่ฒด่ณ“,,,
2165,602764,่ฒด่ณ“,,,
2166,602765,่ฒด่ณ“,,,
2167,602766,่ฒด่ณ“,,,
2168,602767,่ฒด่ณ“,,,
2169,602768,่ฒด่ณ“,,,
2170,602769,่ฒด่ณ“,,,
2171,602770,่ฒด่ณ“,,,
2172,602771,่ฒด่ณ“,,,
2173,602772,่ฒด่ณ“,,,
2174,602773,่ฒด่ณ“,,,
2175,602774,่ฒด่ณ“,,,
2176,602775,่ฒด่ณ“,,,
2177,602776,่ฒด่ณ“,,,
2178,602777,่ฒด่ณ“,,,
2179,602778,่ฒด่ณ“,,,
2180,602779,่ฒด่ณ“,,,
2181,602780,่ฒด่ณ“,,,
2182,602781,่ฒด่ณ“,,,
2183,602782,่ฒด่ณ“,,,
2184,602783,่ฒด่ณ“,,,
2185,602784,่ฒด่ณ“,,,
2186,602785,่ฒด่ณ“,,,
2187,602786,่ฒด่ณ“,,,
2188,602787,่ฒด่ณ“,,,
2189,602788,่ฒด่ณ“,,,
2190,602789,่ฒด่ณ“,,,
2191,602790,่ฒด่ณ“,,,
2192,602791,่ฒด่ณ“,,,
2193,602792,่ฒด่ณ“,,,
2194,602793,่ฒด่ณ“,,,
2195,602794,่ฒด่ณ“,,,
2196,602795,่ฒด่ณ“,,,
2197,602796,่ฒด่ณ“,,,
2198,602797,่ฒด่ณ“,,,
2199,602798,่ฒด่ณ“,,,
2200,602799,่ฒด่ณ“,,,
2201,602800,่ฒด่ณ“,,,
2202,602801,่ฒด่ณ“,,,
2203,602802,่ฒด่ณ“,,,
2204,602803,่ฒด่ณ“,,,
2205,602804,่ฒด่ณ“,,,
2206,602805,่ฒด่ณ“,,,
2207,602806,่ฒด่ณ“,,,
2208,602807,่ฒด่ณ“,,,
2209,602808,่ฒด่ณ“,,,
2210,602809,่ฒด่ณ“,,,
2211,602810,่ฒด่ณ“,,,
2212,602811,่ฒด่ณ“,,,
2213,602812,่ฒด่ณ“,,,
2214,602813,่ฒด่ณ“,,,
2215,602814,่ฒด่ณ“,,,
2216,602815,่ฒด่ณ“,,,
2217,602816,่ฒด่ณ“,,,
2218,602817,่ฒด่ณ“,,,
2219,602818,่ฒด่ณ“,,,
2220,602819,่ฒด่ณ“,,,
2221,602820,่ฒด่ณ“,,,
2222,602821,่ฒด่ณ“,,,
2223,602822,่ฒด่ณ“,,,
2224,602823,่ฒด่ณ“,,,
2225,602824,่ฒด่ณ“,,,
2226,602825,่ฒด่ณ“,,,
2227,602826,่ฒด่ณ“,,,
2228,602827,่ฒด่ณ“,,,
2229,602828,่ฒด่ณ“,,,
2230,602829,่ฒด่ณ“,,,
2231,602830,่ฒด่ณ“,,,
2232,602831,่ฒด่ณ“,,,
2233,602832,่ฒด่ณ“,,,
2234,602833,่ฒด่ณ“,,,
2235,602834,่ฒด่ณ“,,,
2236,602835,่ฒด่ณ“,,,
2237,602836,่ฒด่ณ“,,,
2238,602837,่ฒด่ณ“,,,
2239,602838,่ฒด่ณ“,,,
2240,602839,่ฒด่ณ“,,,
2241,602840,่ฒด่ณ“,,,
2242,602841,่ฒด่ณ“,,,
2243,602842,่ฒด่ณ“,,,
2244,602843,่ฒด่ณ“,,,
2245,602844,่ฒด่ณ“,,,
2246,602845,่ฒด่ณ“,,,
2247,602846,่ฒด่ณ“,,,
2248,602847,่ฒด่ณ“,,,
2249,602848,่ฒด่ณ“,,,
2250,602849,่ฒด่ณ“,,,
2251,602850,่ฒด่ณ“,,,
2252,602851,่ฒด่ณ“,,,
2253,602852,่ฒด่ณ“,,,
2254,602853,่ฒด่ณ“,,,
2255,602854,่ฒด่ณ“,,,
2256,602855,่ฒด่ณ“,,,
2257,602856,่ฒด่ณ“,,,
2258,602857,่ฒด่ณ“,,,
2259,602858,่ฒด่ณ“,,,
2260,602859,่ฒด่ณ“,,,
2261,602860,่ฒด่ณ“,,,
2262,602861,่ฒด่ณ“,,,
2263,602862,่ฒด่ณ“,,,
2264,602863,่ฒด่ณ“,,,
2265,602864,่ฒด่ณ“,,,
2266,602865,่ฒด่ณ“,,,
2267,602866,่ฒด่ณ“,,,
2268,602867,่ฒด่ณ“,,,
2269,602868,่ฒด่ณ“,,,
2270,602869,่ฒด่ณ“,,,
2271,602870,่ฒด่ณ“,,,
2272,602871,่ฒด่ณ“,,,
2273,602872,่ฒด่ณ“,,,
2274,602873,่ฒด่ณ“,,,
2275,602874,่ฒด่ณ“,,,
2276,602875,่ฒด่ณ“,,,
2277,602876,่ฒด่ณ“,,,
2278,602877,่ฒด่ณ“,,,
2279,602878,่ฒด่ณ“,,,
2280,602879,่ฒด่ณ“,,,
2281,602880,่ฒด่ณ“,,,
2282,602881,่ฒด่ณ“,,,
2283,602882,่ฒด่ณ“,,,
2284,602883,่ฒด่ณ“,,,
2285,602884,่ฒด่ณ“,,,
2286,602885,่ฒด่ณ“,,,
2287,602886,่ฒด่ณ“,,,
2288,602887,่ฒด่ณ“,,,
2289,602888,่ฒด่ณ“,,,
2290,602889,่ฒด่ณ“,,,
2291,602890,่ฒด่ณ“,,,
2292,602891,่ฒด่ณ“,,,
2293,602892,่ฒด่ณ“,,,
2294,602893,่ฒด่ณ“,,,
2295,602894,่ฒด่ณ“,,,
2296,602895,่ฒด่ณ“,,,
2297,602896,่ฒด่ณ“,,,
2298,602897,่ฒด่ณ“,,,
2299,602898,่ฒด่ณ“,,,
2300,602899,่ฒด่ณ“,,,
2301,602900,่ฒด่ณ“,,,
2302,602901,่ฒด่ณ“,,,
2303,602902,่ฒด่ณ“,,,
2304,602903,่ฒด่ณ“,,,
2305,602904,่ฒด่ณ“,,,
2306,602905,่ฒด่ณ“,,,
2307,602906,่ฒด่ณ“,,,
2308,602907,่ฒด่ณ“,,,
2309,602908,่ฒด่ณ“,,,
2310,602909,่ฒด่ณ“,,,
2311,602910,่ฒด่ณ“,,,
2312,602911,่ฒด่ณ“,,,
2313,602912,่ฒด่ณ“,,,
2314,602913,่ฒด่ณ“,,,
2315,602914,่ฒด่ณ“,,,
2316,602915,่ฒด่ณ“,,,
2317,602916,่ฒด่ณ“,,,
2318,602917,่ฒด่ณ“,,,
2319,602918,่ฒด่ณ“,,,
2320,602919,่ฒด่ณ“,,,
2321,602920,่ฒด่ณ“,,,
2322,602921,่ฒด่ณ“,,,
2323,602922,่ฒด่ณ“,,,
2324,602923,่ฒด่ณ“,,,
2325,602924,่ฒด่ณ“,,,
2326,602925,่ฒด่ณ“,,,
2327,602926,่ฒด่ณ“,,,
2328,602927,่ฒด่ณ“,,,
2329,602928,่ฒด่ณ“,,,
2330,602929,่ฒด่ณ“,,,
2331,602930,่ฒด่ณ“,,,
2332,602931,่ฒด่ณ“,,,
2333,602932,่ฒด่ณ“,,,
2334,602933,่ฒด่ณ“,,,
2335,602934,่ฒด่ณ“,,,
2336,602935,่ฒด่ณ“,,,
2337,602936,่ฒด่ณ“,,,
2338,602937,่ฒด่ณ“,,,
2339,602938,่ฒด่ณ“,,,
2340,602939,่ฒด่ณ“,,,
2341,602940,่ฒด่ณ“,,,
2342,602941,่ฒด่ณ“,,,
2343,602942,่ฒด่ณ“,,,
2344,602943,่ฒด่ณ“,,,
2345,602944,่ฒด่ณ“,,,
2346,602945,่ฒด่ณ“,,,
2347,602946,่ฒด่ณ“,,,
2348,602947,่ฒด่ณ“,,,
2349,602948,่ฒด่ณ“,,,
2350,602949,่ฒด่ณ“,,,
2351,602950,่ฒด่ณ“,,,
2352,602951,่ฒด่ณ“,,,
2353,602952,่ฒด่ณ“,,,
2354,602953,่ฒด่ณ“,,,
2355,602954,่ฒด่ณ“,,,
2356,602955,่ฒด่ณ“,,,
2357,602956,่ฒด่ณ“,,,
2358,602957,่ฒด่ณ“,,,
2359,602958,่ฒด่ณ“,,,
2360,602959,่ฒด่ณ“,,,
2361,602960,่ฒด่ณ“,,,
2362,602961,่ฒด่ณ“,,,
2363,602962,่ฒด่ณ“,,,
2364,602963,่ฒด่ณ“,,,
2365,602964,่ฒด่ณ“,,,
2366,602965,่ฒด่ณ“,,,
2367,602966,่ฒด่ณ“,,,
2368,602967,่ฒด่ณ“,,,
2369,602968,่ฒด่ณ“,,,
2370,602969,่ฒด่ณ“,,,
2371,602970,่ฒด่ณ“,,,
2372,602971,่ฒด่ณ“,,,
2373,602972,่ฒด่ณ“,,,
2374,602973,่ฒด่ณ“,,,
2375,602974,่ฒด่ณ“,,,
2376,602975,่ฒด่ณ“,,,
2377,602976,่ฒด่ณ“,,,
2378,602977,่ฒด่ณ“,,,
2379,602978,่ฒด่ณ“,,,
2380,602979,่ฒด่ณ“,,,
2381,602980,่ฒด่ณ“,,,
2382,602981,่ฒด่ณ“,,,
2383,602982,่ฒด่ณ“,,,
2384,602983,่ฒด่ณ“,,,
2385,602984,่ฒด่ณ“,,,
2386,602985,่ฒด่ณ“,,,
2387,602986,่ฒด่ณ“,,,
2388,602987,่ฒด่ณ“,,,
2389,602988,่ฒด่ณ“,,,
2390,602989,่ฒด่ณ“,,,
2391,602990,่ฒด่ณ“,,,
2392,602991,่ฒด่ณ“,,,
2393,602992,่ฒด่ณ“,,,
2394,602993,่ฒด่ณ“,,,
2395,602994,่ฒด่ณ“,,,
2396,602995,่ฒด่ณ“,,,
2397,602996,่ฒด่ณ“,,,
2398,602997,่ฒด่ณ“,,,
2399,602998,่ฒด่ณ“,,,
2400,602999,่ฒด่ณ“,,,
